Serial No.,GRE Score,TOEFL Score,University Rating,SOP,LOR ,CGPA,Research,Chance of Admit 
1,337,118,4,4.50,4.50,9.65,1,0.92
2,324,107,4,4.00,4.50,8.87,1,0.76
3,316,104,3,3.00,3.50,8.00,1,0.72
4,322,110,3,3.50,2.50,8.67,1,0.80
5,314,103,2,2.00,3.00,8.21,0,0.65
6,330,115,5,4.50,3.00,9.34,1,0.90
7,321,109,3,3.00,4.00,8.20,1,0.75
8,308,101,2,3.00,4.00,7.90,0,0.68
9,302,102,1,2.00,1.50,8.00,0,0.50
10,323,108,3,3.50,3.00,8.60,0,0.45
11,325,106,3,3.50,4.00,8.40,1,0.52
12,327,111,4,4.00,4.50,9.00,1,0.84
13,328,112,4,4.00,4.50,9.10,1,0.78
14,307,109,3,4.00,3.00,8.00,1,0.62
15,311,104,3,3.50,2.00,8.20,1,0.61
16,314,105,3,3.50,2.50,8.30,0,0.54
17,317,107,3,4.00,3.00,8.70,0,0.66
18,319,106,3,4.00,3.00,8.00,1,0.65
19,318,110,3,4.00,3.00,8.80,0,0.63
20,303,102,3,3.50,3.00,8.50,0,0.62
21,312,107,3,3.00,2.00,7.90,1,0.64
22,325,114,4,3.00,2.00,8.40,0,0.70
23,328,116,5,5.00,5.00,9.50,1,0.94
24,334,119,5,5.00,4.50,9.70,1,0.95
25,336,119,5,4.00,3.50,9.80,1,0.97
26,340,120,5,4.50,4.50,9.60,1,0.94
27,322,109,5,4.50,3.50,8.80,0,0.76
28,298,98,2,1.50,2.50,7.50,1,0.44
29,295,93,1,2.00,2.00,7.20,0,0.46
30,310,99,2,1.50,2.00,7.30,0,0.54
31,300,97,2,3.00,3.00,8.10,1,0.65
32,327,103,3,4.00,4.00,8.30,1,0.74
33,338,118,4,3.00,4.50,9.40,1,0.91
34,340,114,5,4.00,4.00,9.60,1,0.90
35,331,112,5,4.00,5.00,9.80,1,0.94
36,320,110,5,5.00,5.00,9.20,1,0.88
37,299,106,2,4.00,4.00,8.40,0,0.64
38,300,105,1,1.00,2.00,7.80,0,0.58
39,304,105,1,3.00,1.50,7.50,0,0.52
40,307,108,2,4.00,3.50,7.70,0,0.48
41,308,110,3,3.50,3.00,8.00,1,0.46
42,316,105,2,2.50,2.50,8.20,1,0.49
43,313,107,2,2.50,2.00,8.50,1,0.53
44,332,117,4,4.50,4.00,9.10,0,0.87
45,326,113,5,4.50,4.00,9.40,1,0.91
46,322,110,5,5.00,4.00,9.10,1,0.88
47,329,114,5,4.00,5.00,9.30,1,0.86
48,339,119,5,4.50,4.00,9.70,0,0.89
49,321,110,3,3.50,5.00,8.85,1,0.82
50,327,111,4,3.00,4.00,8.40,1,0.78
51,313,98,3,2.50,4.50,8.30,1,0.76
52,312,100,2,1.50,3.50,7.90,1,0.56
53,334,116,4,4.00,3.00,8.00,1,0.78
54,324,112,4,4.00,2.50,8.10,1,0.72
55,322,110,3,3.00,3.50,8.00,0,0.70
56,320,103,3,3.00,3.00,7.70,0,0.64
57,316,102,3,2.00,3.00,7.40,0,0.64
58,298,99,2,4.00,2.00,7.60,0,0.46
59,300,99,1,3.00,2.00,6.80,1,0.36
60,311,104,2,2.00,2.00,8.30,0,0.42
61,309,100,2,3.00,3.00,8.10,0,0.48
62,307,101,3,4.00,3.00,8.20,0,0.47
63,304,105,2,3.00,3.00,8.20,1,0.54
64,315,107,2,4.00,3.00,8.50,1,0.56
65,325,111,3,3.00,3.50,8.70,0,0.52
66,325,112,4,3.50,3.50,8.92,0,0.55
67,327,114,3,3.00,3.00,9.02,0,0.61
68,316,107,2,3.50,3.50,8.64,1,0.57
69,318,109,3,3.50,4.00,9.22,1,0.68
70,328,115,4,4.50,4.00,9.16,1,0.78
71,332,118,5,5.00,5.00,9.64,1,0.94
72,336,112,5,5.00,5.00,9.76,1,0.96
73,321,111,5,5.00,5.00,9.45,1,0.93
74,314,108,4,4.50,4.00,9.04,1,0.84
75,314,106,3,3.00,5.00,8.90,0,0.74
76,329,114,2,2.00,4.00,8.56,1,0.72
77,327,112,3,3.00,3.00,8.72,1,0.74
78,301,99,2,3.00,2.00,8.22,0,0.64
79,296,95,2,3.00,2.00,7.54,1,0.44
80,294,93,1,1.50,2.00,7.36,0,0.46
81,312,105,3,2.00,3.00,8.02,1,0.50
82,340,120,4,5.00,5.00,9.50,1,0.96
83,320,110,5,5.00,4.50,9.22,1,0.92
84,322,115,5,4.00,4.50,9.36,1,0.92
85,340,115,5,4.50,4.50,9.45,1,0.94
86,319,103,4,4.50,3.50,8.66,0,0.76
87,315,106,3,4.50,3.50,8.42,0,0.72
88,317,107,2,3.50,3.00,8.28,0,0.66
89,314,108,3,4.50,3.50,8.14,0,0.64
90,316,109,4,4.50,3.50,8.76,1,0.74
91,318,106,2,4.00,4.00,7.92,1,0.64
92,299,97,3,5.00,3.50,7.66,0,0.38
93,298,98,2,4.00,3.00,8.03,0,0.34
94,301,97,2,3.00,3.00,7.88,1,0.44
95,303,99,3,2.00,2.50,7.66,0,0.36
96,304,100,4,1.50,2.50,7.84,0,0.42
97,306,100,2,3.00,3.00,8.00,0,0.48
98,331,120,3,4.00,4.00,8.96,1,0.86
99,332,119,4,5.00,4.50,9.24,1,0.90
100,323,113,3,4.00,4.00,8.88,1,0.79
101,322,107,3,3.50,3.50,8.46,1,0.71
102,312,105,2,2.50,3.00,8.12,0,0.64
103,314,106,2,4.00,3.50,8.25,0,0.62
104,317,104,2,4.50,4.00,8.47,0,0.57
105,326,112,3,3.50,3.00,9.05,1,0.74
106,316,110,3,4.00,4.50,8.78,1,0.69
107,329,111,4,4.50,4.50,9.18,1,0.87
108,338,117,4,3.50,4.50,9.46,1,0.91
109,331,116,5,5.00,5.00,9.38,1,0.93
110,304,103,5,5.00,4.00,8.64,0,0.68
111,305,108,5,3.00,3.00,8.48,0,0.61
112,321,109,4,4.00,4.00,8.68,1,0.69
113,301,107,3,3.50,3.50,8.34,1,0.62
114,320,110,2,4.00,3.50,8.56,0,0.72
115,311,105,3,3.50,3.00,8.45,1,0.59
116,310,106,4,4.50,4.50,9.04,1,0.66
117,299,102,3,4.00,3.50,8.62,0,0.56
118,290,104,4,2.00,2.50,7.46,0,0.45
119,296,99,2,3.00,3.50,7.28,0,0.47
120,327,104,5,3.00,3.50,8.84,1,0.71
121,335,117,5,5.00,5.00,9.56,1,0.94
122,334,119,5,4.50,4.50,9.48,1,0.94
123,310,106,4,1.50,2.50,8.36,0,0.57
124,308,108,3,3.50,3.50,8.22,0,0.61
125,301,106,4,2.50,3.00,8.47,0,0.57
126,300,100,3,2.00,3.00,8.66,1,0.64
127,323,113,3,4.00,3.00,9.32,1,0.85
128,319,112,3,2.50,2.00,8.71,1,0.78
129,326,112,3,3.50,3.00,9.10,1,0.84
130,333,118,5,5.00,5.00,9.35,1,0.92
131,339,114,5,4.00,4.50,9.76,1,0.96
132,303,105,5,5.00,4.50,8.65,0,0.77
133,309,105,5,3.50,3.50,8.56,0,0.71
134,323,112,5,4.00,4.50,8.78,0,0.79
135,333,113,5,4.00,4.00,9.28,1,0.89
136,314,109,4,3.50,4.00,8.77,1,0.82
137,312,103,3,5.00,4.00,8.45,0,0.76
138,316,100,2,1.50,3.00,8.16,1,0.71
139,326,116,2,4.50,3.00,9.08,1,0.80
140,318,109,1,3.50,3.50,9.12,0,0.78
141,329,110,2,4.00,3.00,9.15,1,0.84
142,332,118,2,4.50,3.50,9.36,1,0.90
143,331,115,5,4.00,3.50,9.44,1,0.92
144,340,120,4,4.50,4.00,9.92,1,0.97
145,325,112,2,3.00,3.50,8.96,1,0.80
146,320,113,2,2.00,2.50,8.64,1,0.81
147,315,105,3,2.00,2.50,8.48,0,0.75
148,326,114,3,3.00,3.00,9.11,1,0.83
149,339,116,4,4.00,3.50,9.80,1,0.96
150,311,106,2,3.50,3.00,8.26,1,0.79
151,334,114,4,4.00,4.00,9.43,1,0.93
152,332,116,5,5.00,5.00,9.28,1,0.94
153,321,112,5,5.00,5.00,9.06,1,0.86
154,324,105,3,3.00,4.00,8.75,0,0.79
155,326,108,3,3.00,3.50,8.89,0,0.80
156,312,109,3,3.00,3.00,8.69,0,0.77
157,315,105,3,2.00,2.50,8.34,0,0.70
158,309,104,2,2.00,2.50,8.26,0,0.65
159,306,106,2,2.00,2.50,8.14,0,0.61
160,297,100,1,1.50,2.00,7.90,0,0.52
161,315,103,1,1.50,2.00,7.86,0,0.57
162,298,99,1,1.50,3.00,7.46,0,0.53
163,318,109,3,3.00,3.00,8.50,0,0.67
164,317,105,3,3.50,3.00,8.56,0,0.68
165,329,111,4,4.50,4.00,9.01,1,0.81
166,322,110,5,4.50,4.00,8.97,0,0.78
167,302,102,3,3.50,5.00,8.33,0,0.65
168,313,102,3,2.00,3.00,8.27,0,0.64
169,293,97,2,2.00,4.00,7.80,1,0.64
170,311,99,2,2.50,3.00,7.98,0,0.65
171,312,101,2,2.50,3.50,8.04,1,0.68
172,334,117,5,4.00,4.50,9.07,1,0.89
173,322,110,4,4.00,5.00,9.13,1,0.86
174,323,113,4,4.00,4.50,9.23,1,0.89
175,321,111,4,4.00,4.00,8.97,1,0.87
176,320,111,4,4.50,3.50,8.87,1,0.85
177,329,119,4,4.50,4.50,9.16,1,0.90
178,319,110,3,3.50,3.50,9.04,0,0.82
179,309,108,3,2.50,3.00,8.12,0,0.72
180,307,102,3,3.00,3.00,8.27,0,0.73
181,300,104,3,3.50,3.00,8.16,0,0.71
182,305,107,2,2.50,2.50,8.42,0,0.71
183,299,100,2,3.00,3.50,7.88,0,0.68
184,314,110,3,4.00,4.00,8.80,0,0.75
185,316,106,2,2.50,4.00,8.32,0,0.72
186,327,113,4,4.50,4.50,9.11,1,0.89
187,317,107,3,3.50,3.00,8.68,1,0.84
188,335,118,5,4.50,3.50,9.44,1,0.93
189,331,115,5,4.50,3.50,9.36,1,0.93
190,324,112,5,5.00,5.00,9.08,1,0.88
191,324,111,5,4.50,4.00,9.16,1,0.90
192,323,110,5,4.00,5.00,8.98,1,0.87
193,322,114,5,4.50,4.00,8.94,1,0.86
194,336,118,5,4.50,5.00,9.53,1,0.94
195,316,109,3,3.50,3.00,8.76,0,0.77
196,307,107,2,3.00,3.50,8.52,1,0.78
197,306,105,2,3.00,2.50,8.26,0,0.73
198,310,106,2,3.50,2.50,8.33,0,0.73
199,311,104,3,4.50,4.50,8.43,0,0.70
200,313,107,3,4.00,4.50,8.69,0,0.72
201,317,103,3,2.50,3.00,8.54,1,0.73
202,315,110,2,3.50,3.00,8.46,1,0.72
203,340,120,5,4.50,4.50,9.91,1,0.97
204,334,120,5,4.00,5.00,9.87,1,0.97
205,298,105,3,3.50,4.00,8.54,0,0.69
206,295,99,2,2.50,3.00,7.65,0,0.57
207,315,99,2,3.50,3.00,7.89,0,0.63
208,310,102,3,3.50,4.00,8.02,1,0.66
209,305,106,2,3.00,3.00,8.16,0,0.64
210,301,104,3,3.50,4.00,8.12,1,0.68
211,325,108,4,4.50,4.00,9.06,1,0.79
212,328,110,4,5.00,4.00,9.14,1,0.82
213,338,120,4,5.00,5.00,9.66,1,0.95
214,333,119,5,5.00,4.50,9.78,1,0.96
215,331,117,4,4.50,5.00,9.42,1,0.94
216,330,116,5,5.00,4.50,9.36,1,0.93
217,322,112,4,4.50,4.50,9.26,1,0.91
218,321,109,4,4.00,4.00,9.13,1,0.85
219,324,110,4,3.00,3.50,8.97,1,0.84
220,312,104,3,3.50,3.50,8.42,0,0.74
221,313,103,3,4.00,4.00,8.75,0,0.76
222,316,110,3,3.50,4.00,8.56,0,0.75
223,324,113,4,4.50,4.00,8.79,0,0.76
224,308,109,2,3.00,4.00,8.45,0,0.71
225,305,105,2,3.00,2.00,8.23,0,0.67
226,296,99,2,2.50,2.50,8.03,0,0.61
227,306,110,2,3.50,4.00,8.45,0,0.63
228,312,110,2,3.50,3.00,8.53,0,0.64
229,318,112,3,4.00,3.50,8.67,0,0.71
230,324,111,4,3.00,3.00,9.01,1,0.82
231,313,104,3,4.00,4.50,8.65,0,0.73
232,319,106,3,3.50,2.50,8.33,1,0.74
233,312,107,2,2.50,3.50,8.27,0,0.69
234,304,100,2,2.50,3.50,8.07,0,0.64
235,330,113,5,5.00,4.00,9.31,1,0.91
236,326,111,5,4.50,4.00,9.23,1,0.88
237,325,112,4,4.00,4.50,9.17,1,0.85
238,329,114,5,4.50,5.00,9.19,1,0.86
239,310,104,3,2.00,3.50,8.37,0,0.70
240,299,100,1,1.50,2.00,7.89,0,0.59
241,296,101,1,2.50,3.00,7.68,0,0.60
242,317,103,2,2.50,2.00,8.15,0,0.65
243,324,115,3,3.50,3.00,8.76,1,0.70
244,325,114,3,3.50,3.00,9.04,1,0.76
245,314,107,2,2.50,4.00,8.56,0,0.63
246,328,110,4,4.00,2.50,9.02,1,0.81
247,316,105,3,3.00,3.50,8.73,0,0.72
248,311,104,2,2.50,3.50,8.48,0,0.71
249,324,110,3,3.50,4.00,8.87,1,0.80
250,321,111,3,3.50,4.00,8.83,1,0.77
251,320,104,3,3.00,2.50,8.57,1,0.74
252,316,99,2,2.50,3.00,9.00,0,0.70
253,318,100,2,2.50,3.50,8.54,1,0.71
254,335,115,4,4.50,4.50,9.68,1,0.93
255,321,114,4,4.00,5.00,9.12,0,0.85
256,307,110,4,4.00,4.50,8.37,0,0.79
257,309,99,3,4.00,4.00,8.56,0,0.76
258,324,100,3,4.00,5.00,8.64,1,0.78
259,326,102,4,5.00,5.00,8.76,1,0.77
260,331,119,4,5.00,4.50,9.34,1,0.90
261,327,108,5,5.00,3.50,9.13,1,0.87
262,312,104,3,3.50,4.00,8.09,0,0.71
263,308,103,2,2.50,4.00,8.36,1,0.70
264,324,111,3,2.50,1.50,8.79,1,0.70
265,325,110,2,3.00,2.50,8.76,1,0.75
266,313,102,3,2.50,2.50,8.68,0,0.71
267,312,105,2,2.00,2.50,8.45,0,0.72
268,314,107,3,3.00,3.50,8.17,1,0.73
269,327,113,4,4.50,5.00,9.14,0,0.83
270,308,108,4,4.50,5.00,8.34,0,0.77
271,306,105,2,2.50,3.00,8.22,1,0.72
272,299,96,2,1.50,2.00,7.86,0,0.54
273,294,95,1,1.50,1.50,7.64,0,0.49
274,312,99,1,1.00,1.50,8.01,1,0.52
275,315,100,1,2.00,2.50,7.95,0,0.58
276,322,110,3,3.50,3.00,8.96,1,0.78
277,329,113,5,5.00,4.50,9.45,1,0.89
278,320,101,2,2.50,3.00,8.62,0,0.70
279,308,103,2,3.00,3.50,8.49,0,0.66
280,304,102,2,3.00,4.00,8.73,0,0.67
281,311,102,3,4.50,4.00,8.64,1,0.68
282,317,110,3,4.00,4.50,9.11,1,0.80
283,312,106,3,4.00,3.50,8.79,1,0.81
284,321,111,3,2.50,3.00,8.90,1,0.80
285,340,112,4,5.00,4.50,9.66,1,0.94
286,331,116,5,4.00,4.00,9.26,1,0.93
287,336,118,5,4.50,4.00,9.19,1,0.92
288,324,114,5,5.00,4.50,9.08,1,0.89
289,314,104,4,5.00,5.00,9.02,0,0.82
290,313,109,3,4.00,3.50,9.00,0,0.79
291,307,105,2,2.50,3.00,7.65,0,0.58
292,300,102,2,1.50,2.00,7.87,0,0.56
293,302,99,2,1.00,2.00,7.97,0,0.56
294,312,98,1,3.50,3.00,8.18,1,0.64
295,316,101,2,2.50,2.00,8.32,1,0.61
296,317,100,2,3.00,2.50,8.57,0,0.68
297,310,107,3,3.50,3.50,8.67,0,0.76
298,320,120,3,4.00,4.50,9.11,0,0.86
299,330,114,3,4.50,4.50,9.24,1,0.90
300,305,112,3,3.00,3.50,8.65,0,0.71
301,309,106,2,2.50,2.50,8.00,0,0.62
302,319,108,2,2.50,3.00,8.76,0,0.66
303,322,105,2,3.00,3.00,8.45,1,0.65
304,323,107,3,3.50,3.50,8.55,1,0.73
305,313,106,2,2.50,2.00,8.43,0,0.62
306,321,109,3,3.50,3.50,8.80,1,0.74
307,323,110,3,4.00,3.50,9.10,1,0.79
308,325,112,4,4.00,4.00,9.00,1,0.80
309,312,108,3,3.50,3.00,8.53,0,0.69
310,308,110,4,3.50,3.00,8.60,0,0.70
311,320,104,3,3.00,3.50,8.74,1,0.76
312,328,108,4,4.50,4.00,9.18,1,0.84
313,311,107,4,4.50,4.50,9.00,1,0.78
314,301,100,3,3.50,3.00,8.04,0,0.67
315,305,105,2,3.00,4.00,8.13,0,0.66
316,308,104,2,2.50,3.00,8.07,0,0.65
317,298,101,2,1.50,2.00,7.86,0,0.54
318,300,99,1,1.00,2.50,8.01,0,0.58
319,324,111,3,2.50,2.00,8.80,1,0.79
320,327,113,4,3.50,3.00,8.69,1,0.80
321,317,106,3,4.00,3.50,8.50,1,0.75
322,323,104,3,4.00,4.00,8.44,1,0.73
323,314,107,2,2.50,4.00,8.27,0,0.72
324,305,102,2,2.00,2.50,8.18,0,0.62
325,315,104,3,3.00,2.50,8.33,0,0.67
326,326,116,3,3.50,4.00,9.14,1,0.81
327,299,100,3,2.00,2.00,8.02,0,0.63
328,295,101,2,2.50,2.00,7.86,0,0.69
329,324,112,4,4.00,3.50,8.77,1,0.80
330,297,96,2,2.50,1.50,7.89,0,0.43
331,327,113,3,3.50,3.00,8.66,1,0.80
332,311,105,2,3.00,2.00,8.12,1,0.73
333,308,106,3,3.50,2.50,8.21,1,0.75
334,319,108,3,3.00,3.50,8.54,1,0.71
335,312,107,4,4.50,4.00,8.65,1,0.73
336,325,111,4,4.00,4.50,9.11,1,0.83
337,319,110,3,3.00,2.50,8.79,0,0.72
338,332,118,5,5.00,5.00,9.47,1,0.94
339,323,108,5,4.00,4.00,8.74,1,0.81
340,324,107,5,3.50,4.00,8.66,1,0.81
341,312,107,3,3.00,3.00,8.46,1,0.75
342,326,110,3,3.50,3.50,8.76,1,0.79
343,308,106,3,3.00,3.00,8.24,0,0.58
344,305,103,2,2.50,3.50,8.13,0,0.59
345,295,96,2,1.50,2.00,7.34,0,0.47
346,316,98,1,1.50,2.00,7.43,0,0.49
347,304,97,2,1.50,2.00,7.64,0,0.47
348,299,94,1,1.00,1.00,7.34,0,0.42
349,302,99,1,2.00,2.00,7.25,0,0.57
350,313,101,3,2.50,3.00,8.04,0,0.62
351,318,107,3,3.00,3.50,8.27,1,0.74
352,325,110,4,3.50,4.00,8.67,1,0.73
353,303,100,2,3.00,3.50,8.06,1,0.64
354,300,102,3,3.50,2.50,8.17,0,0.63
355,297,98,2,2.50,3.00,7.67,0,0.59
356,317,106,2,2.00,3.50,8.12,0,0.73
357,327,109,3,3.50,4.00,8.77,1,0.79
358,301,104,2,3.50,3.50,7.89,1,0.68
359,314,105,2,2.50,2.00,7.64,0,0.70
360,321,107,2,2.00,1.50,8.44,0,0.81
361,322,110,3,4.00,5.00,8.64,1,0.85
362,334,116,4,4.00,3.50,9.54,1,0.93
363,338,115,5,4.50,5.00,9.23,1,0.91
364,306,103,2,2.50,3.00,8.36,0,0.69
365,313,102,3,3.50,4.00,8.90,1,0.77
366,330,114,4,4.50,3.00,9.17,1,0.86
367,320,104,3,3.50,4.50,8.34,1,0.74
368,311,98,1,1.00,2.50,7.46,0,0.57
369,298,92,1,2.00,2.00,7.88,0,0.51
370,301,98,1,2.00,3.00,8.03,1,0.67
371,310,103,2,2.50,2.50,8.24,0,0.72
372,324,110,3,3.50,3.00,9.22,1,0.89
373,336,119,4,4.50,4.00,9.62,1,0.95
374,321,109,3,3.00,3.00,8.54,1,0.79
375,315,105,2,2.00,2.50,7.65,0,0.39
376,304,101,2,2.00,2.50,7.66,0,0.38
377,297,96,2,2.50,2.00,7.43,0,0.34
378,290,100,1,1.50,2.00,7.56,0,0.47
379,303,98,1,2.00,2.50,7.65,0,0.56
380,311,99,1,2.50,3.00,8.43,1,0.71
381,322,104,3,3.50,4.00,8.84,1,0.78
382,319,105,3,3.00,3.50,8.67,1,0.73
383,324,110,4,4.50,4.00,9.15,1,0.82
384,300,100,3,3.00,3.50,8.26,0,0.62
385,340,113,4,5.00,5.00,9.74,1,0.96
386,335,117,5,5.00,5.00,9.82,1,0.96
387,302,101,2,2.50,3.50,7.96,0,0.46
388,307,105,2,2.00,3.50,8.10,0,0.53
389,296,97,2,1.50,2.00,7.80,0,0.49
390,320,108,3,3.50,4.00,8.44,1,0.76
391,314,102,2,2.00,2.50,8.24,0,0.64
392,318,106,3,2.00,3.00,8.65,0,0.71
393,326,112,4,4.00,3.50,9.12,1,0.84
394,317,104,2,3.00,3.00,8.76,0,0.77
395,329,111,4,4.50,4.00,9.23,1,0.89
396,324,110,3,3.50,3.50,9.04,1,0.82
397,325,107,3,3.00,3.50,9.11,1,0.84
398,330,116,4,5.00,4.50,9.45,1,0.91
399,312,103,3,3.50,4.00,8.78,0,0.67
400,333,117,4,5.00,4.00,9.66,1,0.95
401,304,100,2,3.50,3.00,8.22,0,0.63
402,315,105,2,3.00,3.00,8.34,0,0.66
403,324,109,3,3.50,3.00,8.94,1,0.78
404,330,116,4,4.00,3.50,9.23,1,0.91
405,311,101,3,2.00,2.50,7.64,1,0.62
406,302,99,3,2.50,3.00,7.45,0,0.52
407,322,103,4,3.00,2.50,8.02,1,0.61
408,298,100,3,2.50,4.00,7.95,1,0.58
409,297,101,3,2.00,4.00,7.67,1,0.57
410,300,98,1,2.00,2.50,8.02,0,0.61
411,301,96,1,3.00,4.00,7.56,0,0.54
412,313,94,2,2.50,1.50,8.13,0,0.56
413,314,102,4,2.50,2.00,7.88,1,0.59
414,317,101,3,3.00,2.00,7.94,1,0.49
415,321,110,4,3.50,4.00,8.35,1,0.72
416,327,106,4,4.00,4.50,8.75,1,0.76
417,315,104,3,4.00,2.50,8.10,0,0.65
418,316,103,3,3.50,2.00,7.68,0,0.52
419,309,111,2,2.50,4.00,8.03,0,0.60
420,308,102,2,2.00,3.50,7.98,1,0.58
421,299,100,3,2.00,3.00,7.42,0,0.42
422,321,112,3,3.00,4.50,8.95,1,0.77
423,322,112,4,3.50,2.50,9.02,1,0.73
424,334,119,5,4.50,5.00,9.54,1,0.94
425,325,114,5,4.00,5.00,9.46,1,0.91
426,323,111,5,4.00,5.00,9.86,1,0.92
427,312,106,3,3.00,5.00,8.57,0,0.71
428,310,101,3,3.50,5.00,8.65,1,0.71
429,316,103,2,2.00,4.50,8.74,0,0.69
430,340,115,5,5.00,4.50,9.06,1,0.95
431,311,104,3,4.00,3.50,8.13,1,0.74
432,320,112,2,3.50,3.50,8.78,1,0.73
433,324,112,4,4.50,4.00,9.22,1,0.86
434,316,111,4,4.00,5.00,8.54,0,0.71
435,306,103,3,3.50,3.00,8.21,0,0.64
436,309,105,2,2.50,4.00,7.68,0,0.55
437,310,110,1,1.50,4.00,7.23,1,0.58
438,317,106,1,1.50,3.50,7.65,1,0.61
439,318,110,1,2.50,3.50,8.54,1,0.67
440,312,105,2,1.50,3.00,8.46,0,0.66
441,305,104,2,2.50,1.50,7.79,0,0.53
442,332,112,1,1.50,3.00,8.66,1,0.79
443,331,116,4,4.50,4.50,9.44,1,0.92
444,321,114,5,4.50,4.50,9.16,1,0.87
445,324,113,5,4.00,5.00,9.25,1,0.92
446,328,116,5,4.50,5.00,9.08,1,0.91
447,327,118,4,5.00,5.00,9.67,1,0.93
448,320,108,3,3.50,5.00,8.97,1,0.84
449,312,109,2,2.50,4.00,9.02,0,0.80
450,315,101,3,3.50,4.50,9.13,0,0.79
451,320,112,4,3.00,4.50,8.86,1,0.82
452,324,113,4,4.50,4.50,9.25,1,0.89
453,328,116,4,5.00,3.50,9.60,1,0.93
454,319,103,3,2.50,4.00,8.76,1,0.73
455,310,105,2,3.00,3.50,8.01,0,0.71
456,305,102,2,1.50,2.50,7.64,0,0.59
457,299,100,2,2.00,2.00,7.88,0,0.51
458,295,99,1,2.00,1.50,7.57,0,0.37
459,312,100,1,3.00,3.00,8.53,1,0.69
460,329,113,4,4.00,3.50,9.36,1,0.89
461,319,105,4,4.00,4.50,8.66,1,0.77
462,301,102,3,2.50,2.00,8.13,1,0.68
463,307,105,4,3.00,3.00,7.94,0,0.62
464,304,107,3,3.50,3.00,7.86,0,0.57
465,298,97,2,2.00,3.00,7.21,0,0.45
466,305,96,4,3.00,4.50,8.26,0,0.54
467,314,99,4,3.50,4.50,8.73,1,0.71
468,318,101,5,3.50,5.00,8.78,1,0.78
469,323,110,4,4.00,5.00,8.88,1,0.81
470,326,114,4,4.00,3.50,9.16,1,0.86
471,320,110,5,4.00,4.00,9.27,1,0.87
472,311,103,3,2.00,4.00,8.09,0,0.64
473,327,116,4,4.00,4.50,9.48,1,0.90
474,316,102,2,4.00,3.50,8.15,0,0.67
475,308,105,4,3.00,2.50,7.95,1,0.67
476,300,101,3,3.50,2.50,7.88,0,0.59
477,304,104,3,2.50,2.00,8.12,0,0.62
478,309,105,4,3.50,2.00,8.18,0,0.65
479,318,103,3,4.00,4.50,8.49,1,0.71
480,325,110,4,4.50,4.00,8.96,1,0.79
481,321,102,3,3.50,4.00,9.01,1,0.80
482,323,107,4,3.00,2.50,8.48,1,0.78
483,328,113,4,4.00,2.50,8.77,1,0.83
484,304,103,5,5.00,3.00,7.92,0,0.71
485,317,106,3,3.50,3.00,7.89,1,0.73
486,311,101,2,2.50,3.50,8.34,1,0.70
487,319,102,3,2.50,2.50,8.37,0,0.68
488,327,115,4,3.50,4.00,9.14,0,0.79
489,322,112,3,3.00,4.00,8.62,1,0.76
490,302,110,3,4.00,4.50,8.50,0,0.65
491,307,105,2,2.50,4.50,8.12,1,0.67
492,297,99,4,3.00,3.50,7.81,0,0.54
493,298,101,4,2.50,4.50,7.69,1,0.53
494,300,95,2,3.00,1.50,8.22,1,0.62
495,301,99,3,2.50,2.00,8.45,1,0.68
496,332,108,5,4.50,4.00,9.02,1,0.87
497,337,117,5,5.00,5.00,9.87,1,0.96
498,330,120,5,4.50,5.00,9.56,1,0.93
499,312,103,4,4.00,5.00,8.43,0,0.73
500,327,113,4,4.50,4.50,9.04,0,0.84
501,319,113,3,2.55,1.96,8.68,1,0.78
502,322,110,5,4.02,5.00,9.00,1,0.87
503,304,104,3,2.52,2.02,8.13,0,0.62
504,312,105,2,1.49,2.97,8.42,0,0.66
505,318,110,3,3.96,4.53,9.12,1,0.80
506,316,110,3,3.96,4.58,8.77,1,0.70
507,313,99,4,3.54,4.48,8.75,1,0.71
508,317,110,3,4.03,4.47,9.08,1,0.79
509,289,100,1,1.44,2.04,7.57,0,0.46
510,302,100,1,1.97,1.92,7.21,0,0.57
511,327,113,4,4.53,4.43,9.06,1,0.90
512,310,105,4,3.52,1.93,8.13,0,0.65
513,321,109,4,4.03,4.04,8.69,1,0.69
514,335,116,4,4.03,3.49,9.53,1,0.93
515,340,113,4,5.00,4.99,9.75,1,0.95
516,313,103,4,4.00,4.98,8.40,0,0.73
517,308,101,2,3.00,4.03,7.91,0,0.67
518,320,110,3,3.47,3.52,9.04,0,0.82
519,326,110,4,3.48,4.05,8.67,1,0.73
520,326,114,4,4.02,3.52,9.17,1,0.86
521,328,116,4,5.00,3.49,9.58,1,0.93
522,312,107,2,2.54,3.52,8.28,0,0.69
523,323,110,3,4.02,3.45,9.08,1,0.79
524,302,110,3,4.00,4.55,8.49,0,0.65
525,321,111,3,3.57,3.98,8.83,1,0.78
526,337,117,4,3.38,4.46,9.49,1,0.91
527,335,119,5,4.03,3.49,9.83,1,0.97
528,328,112,4,4.04,4.53,9.14,1,0.79
529,334,118,5,4.95,5.00,9.37,1,0.91
530,305,107,2,2.52,2.44,8.39,0,0.71
531,320,110,2,4.05,3.43,8.56,0,0.71
532,312,103,3,4.01,3.99,8.80,0,0.76
533,316,105,3,3.57,3.00,8.58,0,0.69
534,324,110,5,3.99,4.92,8.98,1,0.87
535,325,112,3,3.51,3.03,9.11,1,0.84
536,316,102,3,2.04,2.98,7.37,0,0.65
537,321,112,4,3.02,4.47,8.79,1,0.82
538,322,110,5,4.04,4.07,9.33,1,0.87
539,316,100,2,1.49,3.06,8.12,1,0.71
540,324,114,5,4.00,5.00,9.48,1,0.91
541,327,111,4,3.95,4.50,9.04,1,0.85
542,313,107,2,2.45,2.02,8.55,1,0.53
543,297,95,2,3.00,1.99,7.57,1,0.43
544,316,105,2,2.43,2.55,8.23,1,0.49
545,312,103,3,3.51,4.00,8.74,0,0.66
546,298,97,3,4.99,3.45,7.69,0,0.38
547,300,101,2,2.99,3.51,7.92,0,0.69
548,333,118,5,4.95,5.00,9.49,1,0.93
549,335,116,4,3.93,3.02,8.02,1,0.78
550,324,111,4,2.94,3.06,9.04,1,0.83
551,311,103,2,2.45,3.60,8.50,0,0.70
552,325,106,3,3.49,4.02,8.39,1,0.53
553,294,93,1,1.49,1.99,7.34,0,0.45
554,317,101,2,2.52,2.01,8.33,1,0.60
555,304,105,1,2.97,1.54,7.52,0,0.52
556,323,110,3,3.04,3.50,8.02,0,0.70
557,305,100,2,2.49,3.48,8.07,0,0.64
558,298,100,1,1.58,1.98,7.84,0,0.59
559,305,107,2,2.55,2.60,8.38,0,0.70
560,299,97,2,2.09,3.00,7.23,0,0.45
561,300,104,3,3.51,2.97,8.17,0,0.71
562,314,110,3,4.04,3.94,8.83,0,0.75
563,316,111,4,4.04,5.00,8.53,0,0.71
564,304,104,3,2.46,1.91,8.10,0,0.62
565,304,103,5,5.00,4.02,8.64,0,0.67
566,318,100,2,2.48,3.53,8.51,1,0.70
567,300,104,3,3.52,3.01,8.22,0,0.72
568,316,110,3,4.02,4.53,8.77,1,0.68
569,320,104,3,3.03,3.48,8.72,1,0.76
570,293,97,2,2.07,4.04,7.80,1,0.63
571,307,101,2,2.93,3.99,7.87,0,0.71
572,306,105,2,1.93,3.48,8.13,0,0.54
573,311,104,3,3.42,3.50,8.41,0,0.74
574,329,116,5,4.93,4.95,9.55,1,0.94
575,324,111,5,4.59,4.01,9.20,1,0.90
576,297,101,2,1.57,2.03,7.90,0,0.53
577,323,109,3,3.50,2.99,8.94,1,0.77
578,302,105,4,2.49,2.98,8.45,0,0.58
579,322,114,5,4.52,4.01,8.98,1,0.86
580,296,99,2,2.50,2.96,7.65,0,0.58
581,316,102,2,4.03,3.55,8.12,0,0.66
582,305,102,5,5.00,3.99,8.68,0,0.68
583,314,102,4,2.50,2.11,7.90,1,0.59
584,328,112,4,4.01,4.49,9.07,1,0.78
585,327,106,4,4.05,4.50,8.72,1,0.76
586,299,99,1,1.00,2.43,8.07,0,0.58
587,326,108,3,3.05,3.49,8.92,0,0.81
588,332,116,5,4.99,5.00,9.26,1,0.93
589,335,117,5,5.00,4.99,9.58,1,0.93
590,316,105,3,2.01,2.48,8.49,0,0.76
591,327,106,4,4.03,4.53,8.73,1,0.76
592,322,115,5,4.06,4.56,9.34,1,0.92
593,298,100,3,1.97,2.05,8.07,0,0.63
594,327,106,4,4.10,4.47,8.79,1,0.76
595,318,112,3,3.99,3.53,8.67,0,0.70
596,305,108,5,3.11,2.99,8.51,0,0.61
597,321,111,3,3.45,3.96,8.86,1,0.76
598,299,97,3,4.92,3.52,7.62,0,0.38
599,308,108,4,4.41,5.00,8.31,0,0.77
600,312,98,1,3.56,3.00,8.22,1,0.63
601,329,111,4,4.45,3.98,9.24,1,0.89
602,296,101,2,2.56,2.00,7.93,0,0.68
603,330,120,5,4.48,5.00,9.58,1,0.93
604,330,117,4,4.51,5.00,9.43,1,0.94
605,303,100,4,1.48,2.48,7.82,0,0.42
606,316,111,3,3.95,4.47,8.81,1,0.70
607,326,106,3,2.92,3.49,9.15,1,0.85
608,297,98,2,2.41,2.97,7.60,0,0.60
609,329,113,5,3.94,5.00,9.33,1,0.85
610,322,110,5,4.55,4.04,8.97,0,0.79
611,321,107,2,2.05,1.51,8.44,0,0.82
612,312,101,2,2.41,3.47,8.31,1,0.71
613,326,114,3,2.98,3.00,9.09,1,0.83
614,309,101,3,3.55,5.00,8.63,1,0.72
615,326,112,3,3.52,3.01,9.07,1,0.75
616,340,120,5,4.50,4.57,9.86,1,0.97
617,305,104,2,2.50,1.48,7.86,0,0.53
618,299,96,2,1.50,1.97,7.85,0,0.54
619,315,102,2,3.91,3.57,8.17,0,0.66
620,328,116,5,4.56,5.00,9.06,1,0.91
621,335,118,5,4.51,5.00,9.54,1,0.93
622,327,113,4,4.52,5.00,9.15,0,0.83
623,321,114,5,4.49,4.47,9.17,1,0.88
624,307,108,2,4.04,3.47,7.69,0,0.49
625,319,108,2,2.53,3.06,8.76,0,0.65
626,302,102,1,1.92,1.54,7.99,0,0.50
627,327,114,3,2.99,2.99,8.98,0,0.61
628,321,110,4,3.54,4.01,8.34,1,0.73
629,314,102,3,2.01,2.89,8.24,0,0.64
630,318,102,3,2.94,2.00,7.96,1,0.50
631,328,109,3,3.54,3.94,8.72,1,0.78
632,307,105,2,1.94,3.49,8.04,0,0.53
633,322,111,4,3.98,4.01,8.94,1,0.85
634,332,118,5,4.98,5.00,9.65,1,0.94
635,314,105,3,1.96,2.44,8.31,0,0.70
636,322,110,5,4.97,3.99,9.12,1,0.88
637,314,104,3,3.92,2.50,8.07,0,0.66
638,317,103,2,2.01,4.59,8.77,0,0.68
639,297,100,3,2.51,4.06,7.93,1,0.58
640,321,114,5,4.47,4.49,9.13,1,0.87
641,302,110,3,3.98,4.53,8.49,0,0.64
642,317,107,3,3.55,3.06,8.65,1,0.85
643,298,92,1,2.01,2.01,7.90,0,0.51
644,328,116,5,4.51,5.00,9.08,1,0.90
645,300,102,3,3.44,2.53,8.16,0,0.64
646,325,110,4,4.53,3.97,9.02,1,0.79
647,309,111,2,2.46,4.03,8.03,0,0.61
648,311,104,2,2.52,3.43,8.49,0,0.71
649,340,113,4,4.95,5.00,9.75,1,0.96
650,299,97,2,3.05,2.97,8.08,1,0.64
651,330,116,5,5.00,4.52,9.34,1,0.93
652,330,117,4,4.50,4.98,9.45,1,0.95
653,312,106,3,3.93,3.52,8.80,1,0.81
654,301,97,2,2.95,3.05,8.07,1,0.65
655,312,105,2,2.55,3.05,8.13,0,0.65
656,300,100,3,2.95,3.51,8.25,0,0.61
657,321,114,4,3.97,5.00,9.12,0,0.85
658,313,105,2,2.01,2.54,8.50,0,0.72
659,323,110,4,3.97,5.00,8.89,1,0.82
660,312,109,3,2.97,2.96,8.62,0,0.77
661,312,98,3,2.52,4.48,8.30,1,0.77
662,321,109,4,3.96,4.02,8.71,1,0.69
663,319,106,4,4.12,4.50,8.72,1,0.77
664,304,100,4,1.55,2.57,7.87,0,0.41
665,320,103,3,2.98,3.00,7.69,0,0.63
666,299,100,3,1.98,3.05,7.39,0,0.44
667,323,111,5,4.10,4.96,9.87,1,0.91
668,330,114,3,4.54,4.56,9.22,1,0.89
669,321,110,3,3.54,3.06,8.93,1,0.78
670,312,106,2,3.52,3.03,8.25,1,0.80
671,337,117,5,5.00,5.00,9.95,1,0.96
672,324,107,5,3.51,4.08,8.72,1,0.81
673,336,117,5,5.00,4.99,9.83,1,0.95
674,306,101,3,3.99,2.98,8.23,0,0.46
675,308,108,3,3.50,3.51,8.23,0,0.61
676,305,104,2,2.42,1.53,7.80,0,0.52
677,313,107,4,4.50,4.07,8.66,1,0.73
678,338,115,5,4.52,4.90,9.26,1,0.92
679,327,112,3,2.96,2.94,8.72,1,0.75
680,328,110,4,4.03,2.47,9.02,1,0.81
681,324,111,4,3.03,2.96,8.98,1,0.82
682,329,113,5,4.99,4.50,9.39,1,0.90
683,317,105,3,3.54,2.93,8.57,0,0.68
684,317,107,3,3.98,2.98,8.74,0,0.65
685,340,120,5,4.55,4.52,9.96,1,0.97
686,313,102,3,3.51,3.98,8.92,1,0.76
687,327,116,5,4.48,4.96,9.08,1,0.92
688,305,104,2,3.08,2.47,8.24,0,0.73
689,321,111,5,5.00,5.00,9.49,1,0.93
690,307,107,2,2.91,3.53,8.55,1,0.78
691,328,112,4,4.02,4.53,9.10,1,0.78
692,311,104,2,2.06,2.02,8.28,0,0.42
693,320,110,5,5.00,5.00,9.20,1,0.88
694,308,103,2,3.02,3.46,8.47,0,0.67
695,313,108,2,2.52,4.02,9.05,0,0.80
696,316,101,2,2.55,2.03,8.31,1,0.61
697,310,100,2,2.86,2.99,8.10,0,0.49
698,340,114,5,3.94,4.02,9.61,1,0.90
699,315,99,2,3.47,2.94,7.85,0,0.63
700,319,104,3,3.55,4.44,8.35,1,0.73
701,320,112,4,4.49,3.52,8.90,1,0.85
702,323,110,5,4.48,3.96,8.94,0,0.78
703,324,115,3,3.47,3.01,8.79,1,0.71
704,331,115,5,4.51,3.04,9.37,1,0.89
705,325,113,4,4.43,4.04,8.83,0,0.77
706,319,106,3,3.99,2.97,7.99,1,0.65
707,305,102,2,1.99,2.41,8.12,0,0.61
708,321,107,2,1.88,1.49,8.46,0,0.80
709,325,112,3,3.44,3.11,9.12,1,0.85
710,298,101,4,2.53,4.51,7.74,1,0.53
711,311,104,3,3.47,2.08,8.17,1,0.61
712,317,110,3,4.01,4.53,9.07,1,0.81
713,308,109,3,4.04,3.04,7.96,1,0.63
714,336,118,5,4.54,4.99,9.47,1,0.93
715,323,114,5,4.52,4.02,8.93,1,0.85
716,311,108,3,3.53,3.01,8.55,0,0.69
717,320,108,3,3.03,3.50,8.56,1,0.71
718,329,115,4,4.50,3.96,9.17,1,0.78
719,327,111,4,4.00,4.48,9.00,1,0.84
720,309,105,2,2.49,4.01,7.68,0,0.54
721,311,97,1,3.47,3.01,8.15,1,0.64
722,307,110,4,3.95,4.50,8.39,0,0.78
723,304,104,3,2.54,2.01,8.18,0,0.62
724,327,106,4,4.11,4.50,8.79,1,0.76
725,324,110,4,4.47,3.99,9.09,1,0.81
726,306,107,2,2.50,2.41,8.43,0,0.70
727,330,115,2,2.03,4.05,8.60,1,0.73
728,327,102,4,5.00,5.00,8.73,1,0.77
729,316,106,1,1.49,3.52,7.63,1,0.60
730,312,103,3,3.51,3.93,8.76,0,0.67
731,300,102,2,1.46,1.97,7.81,0,0.57
732,305,102,2,2.04,2.56,8.16,0,0.61
733,316,99,2,2.51,2.99,9.01,0,0.70
734,311,107,4,4.46,4.52,8.98,1,0.78
735,312,101,2,2.56,3.45,8.02,1,0.68
736,326,112,4,3.96,4.47,9.17,1,0.86
737,326,114,3,3.46,2.96,9.01,1,0.76
738,310,110,1,1.46,3.97,7.23,1,0.57
739,331,114,4,4.47,3.04,9.20,1,0.85
740,328,116,4,4.05,4.43,9.48,1,0.91
741,308,110,4,3.44,2.97,8.56,0,0.68
742,340,120,4,5.00,4.98,9.47,1,0.96
743,320,108,3,3.47,4.97,9.00,1,0.84
744,331,118,5,4.98,5.00,9.47,1,0.94
745,331,108,5,4.62,3.96,9.07,1,0.87
746,296,96,2,2.52,1.43,7.87,0,0.44
747,328,118,4,4.92,4.95,9.68,1,0.94
748,308,103,2,2.98,3.41,8.52,0,0.66
749,296,95,2,3.05,1.96,7.53,1,0.44
750,328,112,3,3.01,3.08,8.71,1,0.74
751,322,112,5,5.00,4.98,9.03,1,0.86
752,299,100,2,2.99,3.46,7.90,0,0.68
753,321,112,5,4.99,4.97,9.05,1,0.87
754,312,109,3,2.96,2.99,8.69,0,0.78
755,322,104,3,4.06,3.90,8.46,1,0.73
756,315,108,4,4.57,3.96,9.05,1,0.84
757,303,103,5,5.00,4.05,8.61,0,0.68
758,312,103,3,4.97,4.02,8.47,0,0.76
759,305,102,2,1.44,2.52,7.58,0,0.58
760,304,102,2,2.97,4.07,8.73,0,0.67
761,324,112,4,4.01,4.46,9.13,1,0.85
762,295,95,1,1.45,1.44,7.66,0,0.49
763,322,110,5,4.47,4.06,8.97,0,0.78
764,305,108,5,3.00,3.02,8.45,0,0.61
765,325,110,3,3.56,3.05,9.26,1,0.89
766,302,104,2,3.48,3.50,7.82,1,0.69
767,300,95,2,1.46,1.96,7.85,0,0.53
768,317,103,3,2.49,2.98,8.54,1,0.73
769,329,114,5,4.50,5.00,9.20,1,0.86
770,314,106,2,3.99,3.54,8.22,0,0.62
771,318,109,3,3.46,3.96,9.24,1,0.69
772,322,110,5,4.43,4.00,8.98,0,0.78
773,316,111,4,4.01,5.00,8.56,0,0.71
774,324,113,4,4.34,4.45,9.25,1,0.89
775,315,103,2,2.03,4.49,8.70,0,0.69
776,332,117,4,4.51,3.94,9.06,0,0.87
777,325,107,5,3.56,4.02,8.64,1,0.83
778,307,105,4,3.00,2.95,7.91,0,0.63
779,318,112,3,4.00,3.57,8.66,0,0.72
780,326,108,3,2.98,3.46,8.95,0,0.79
781,311,104,3,4.49,4.52,8.47,0,0.69
782,300,99,1,3.02,2.00,6.77,1,0.35
783,296,93,1,2.10,2.01,7.19,0,0.45
784,322,114,5,4.59,4.06,8.94,1,0.86
785,309,102,3,3.52,3.99,8.03,1,0.66
786,310,104,2,2.48,3.48,8.47,0,0.71
787,310,107,3,3.53,3.44,8.65,0,0.76
788,300,97,3,5.00,3.49,7.69,0,0.38
789,325,111,3,2.56,1.52,8.78,1,0.69
790,317,102,3,2.00,3.03,7.42,0,0.64
791,322,113,2,2.04,2.58,8.66,1,0.81
792,336,117,5,5.00,4.99,9.63,1,0.94
793,333,120,5,4.01,5.00,9.89,1,0.97
794,331,118,2,4.41,3.54,9.41,1,0.90
795,308,102,2,2.03,3.54,8.00,1,0.58
796,317,102,2,3.94,3.45,8.18,0,0.67
797,298,97,3,4.96,3.48,7.66,0,0.38
798,317,110,3,3.93,4.46,9.12,1,0.82
799,313,105,2,2.47,3.03,8.16,0,0.65
800,320,110,5,5.00,4.53,9.23,1,0.91
801,332,118,5,5.00,5.00,9.61,1,0.94
802,334,115,4,3.98,3.48,9.56,1,0.93
803,325,113,3,3.44,2.98,9.05,1,0.73
804,316,103,3,3.43,2.04,7.70,0,0.52
805,315,109,4,3.67,3.96,8.82,1,0.81
806,295,93,1,1.54,2.00,7.31,0,0.46
807,316,103,3,3.43,2.02,7.64,0,0.52
808,323,110,3,3.43,2.45,8.62,1,0.81
809,323,113,3,3.95,2.96,9.38,1,0.86
810,318,110,3,3.51,3.56,9.04,0,0.82
811,334,117,5,4.02,4.48,9.09,1,0.89
812,298,92,1,1.97,1.94,7.86,0,0.51
813,326,111,4,4.04,4.50,9.03,1,0.85
814,315,107,2,3.98,2.95,8.49,1,0.56
815,314,108,4,4.51,4.04,9.06,1,0.85
816,312,100,1,2.99,2.97,8.52,1,0.69
817,316,105,3,2.96,3.55,8.73,0,0.72
818,313,108,3,3.95,3.51,8.96,0,0.79
819,314,110,2,3.52,3.03,8.48,1,0.72
820,323,110,3,3.97,4.94,8.65,1,0.86
821,315,105,3,1.94,2.49,8.49,0,0.75
822,324,113,4,4.52,4.00,8.80,0,0.75
823,302,99,3,2.01,2.40,7.71,0,0.35
824,339,120,5,4.54,4.46,9.87,1,0.98
825,328,112,4,4.05,4.54,9.08,1,0.78
826,325,100,3,3.93,5.00,8.68,1,0.78
827,312,100,2,1.54,3.55,7.89,1,0.57
828,311,99,2,2.48,2.92,7.97,0,0.65
829,324,100,3,3.99,4.90,8.67,1,0.79
830,311,106,4,1.54,2.52,8.40,0,0.57
831,315,100,1,2.00,2.45,7.97,0,0.58
832,314,106,3,4.56,3.50,8.43,0,0.72
833,326,114,3,3.03,3.11,9.08,1,0.83
834,334,116,4,4.01,3.08,8.00,1,0.78
835,311,101,2,2.44,3.48,8.03,1,0.67
836,299,106,2,4.09,3.99,8.39,0,0.65
837,312,107,3,2.92,3.06,8.42,1,0.75
838,317,107,3,3.43,3.03,8.67,1,0.83
839,328,112,4,4.01,4.56,9.11,1,0.79
840,317,110,3,3.08,3.11,8.48,0,0.66
841,339,120,5,4.55,4.50,9.60,1,0.95
842,322,110,3,3.48,2.58,8.67,1,0.80
843,300,101,3,3.50,2.42,7.91,0,0.60
844,331,115,5,4.05,3.57,9.43,1,0.93
845,308,106,3,3.57,2.47,8.22,1,0.76
846,300,98,1,1.00,2.52,8.00,0,0.59
847,305,103,5,5.00,4.01,8.65,0,0.68
848,322,114,5,4.49,4.51,9.13,1,0.88
849,302,96,1,3.03,3.93,7.52,0,0.53
850,325,108,4,4.47,3.95,9.10,1,0.78
851,312,107,2,2.48,3.49,8.32,0,0.68
852,322,110,3,3.49,2.97,8.95,1,0.78
853,311,100,3,2.02,2.53,7.66,1,0.62
854,326,110,4,3.45,3.95,8.62,1,0.74
855,319,110,5,3.99,4.03,9.28,1,0.87
856,329,111,4,4.51,4.52,9.18,1,0.87
857,324,113,4,4.51,4.53,9.23,1,0.89
858,313,98,3,2.50,4.55,8.31,1,0.74
859,323,110,3,3.46,3.05,9.29,1,0.90
860,327,104,5,3.08,3.49,8.87,1,0.71
861,309,105,4,3.46,2.00,8.16,0,0.65
862,316,109,4,4.50,3.50,8.75,1,0.74
863,322,109,3,3.49,3.52,8.81,1,0.74
864,337,118,4,4.53,4.53,9.70,1,0.92
865,314,105,2,2.44,1.94,7.63,0,0.69
866,308,109,3,4.06,3.01,8.03,1,0.61
867,322,112,5,5.00,5.00,9.13,1,0.86
868,300,99,1,2.98,2.14,6.78,1,0.36
869,309,105,5,3.47,3.55,8.54,0,0.71
870,300,103,3,3.51,2.49,8.18,0,0.63
871,323,110,5,4.57,3.94,8.97,0,0.78
872,324,111,4,2.99,2.98,9.01,1,0.82
873,300,101,3,1.99,3.05,8.61,1,0.66
874,318,101,3,3.09,2.00,7.91,1,0.50
875,308,99,2,2.96,2.97,8.08,0,0.47
876,306,105,2,2.46,2.99,8.27,1,0.73
877,310,110,1,1.50,4.05,7.26,1,0.58
878,314,106,2,2.53,1.95,8.45,0,0.63
879,319,103,4,4.53,3.50,8.63,0,0.76
880,321,110,5,3.96,4.03,9.30,1,0.88
881,320,113,2,2.03,2.56,8.69,1,0.80
882,325,114,3,3.01,3.03,9.11,1,0.83
883,322,110,5,4.58,4.05,9.00,0,0.78
884,340,111,4,4.99,4.51,9.67,1,0.92
885,317,106,3,3.98,3.48,8.49,1,0.74
886,315,110,3,3.90,4.45,8.73,1,0.70
887,315,100,2,1.59,2.89,8.12,1,0.72
888,319,107,2,3.53,3.03,8.26,0,0.66
889,310,106,2,3.51,2.50,8.31,0,0.73
890,295,96,2,1.52,1.99,7.37,0,0.48
891,329,110,4,4.53,4.53,9.25,1,0.87
892,329,114,5,3.96,4.98,9.32,1,0.86
893,328,111,4,4.99,3.99,9.15,1,0.81
894,312,98,1,1.05,2.45,7.43,0,0.57
895,312,105,2,2.01,2.55,8.45,0,0.73
896,326,103,3,4.05,3.96,8.27,1,0.74
897,333,117,5,4.99,4.91,9.33,1,0.93
898,329,116,5,4.96,4.48,9.31,1,0.93
899,308,110,4,4.04,4.47,8.38,0,0.80
900,332,117,4,5.00,4.04,9.70,1,0.95
901,289,104,4,2.00,2.48,7.45,0,0.45
902,299,94,1,1.09,1.10,7.35,0,0.41
903,335,117,5,5.00,5.00,9.57,1,0.94
904,319,103,3,2.56,3.99,8.76,1,0.73
905,319,108,3,3.03,3.49,8.57,1,0.70
906,325,110,2,2.99,2.51,8.78,1,0.74
907,329,114,4,3.93,3.49,9.36,1,0.89
908,316,99,2,3.53,3.06,7.93,0,0.61
909,297,96,2,2.51,1.91,7.46,0,0.34
910,326,102,4,5.00,5.00,8.77,1,0.77
911,310,99,3,3.96,4.06,8.57,0,0.77
912,326,110,3,3.41,3.51,8.71,1,0.80
913,310,106,2,2.45,2.47,7.96,0,0.63
914,331,120,3,3.97,3.95,8.97,1,0.85
915,300,97,2,3.07,2.98,8.14,1,0.65
916,311,100,2,2.45,3.49,8.07,1,0.69
917,318,109,3,3.57,4.00,9.24,1,0.68
918,320,114,5,4.41,4.54,9.14,1,0.88
919,325,110,4,3.61,3.99,8.65,1,0.74
920,324,106,3,2.88,4.05,8.74,0,0.80
921,297,99,3,2.49,3.97,7.94,1,0.58
922,322,107,3,3.54,3.49,8.49,1,0.71
923,321,110,4,3.51,4.03,8.39,1,0.73
924,311,103,3,4.58,4.45,8.41,0,0.69
925,331,116,4,4.52,4.47,9.42,1,0.93
926,326,112,4,3.96,3.96,9.02,1,0.79
927,312,100,1,3.00,3.02,8.52,1,0.69
928,330,116,4,4.58,4.47,9.50,1,0.92
929,314,110,3,3.95,3.90,8.77,0,0.74
930,309,106,2,2.53,2.51,7.96,0,0.61
931,335,115,4,4.58,4.52,9.71,1,0.94
932,305,102,2,1.86,2.56,8.15,0,0.63
933,295,93,1,2.01,1.96,7.18,0,0.46
934,313,105,2,2.62,3.01,8.15,0,0.65
935,314,102,3,1.95,2.94,8.25,0,0.63
936,311,104,3,3.54,2.02,8.19,1,0.61
937,305,106,2,3.07,3.04,8.19,0,0.65
938,303,100,2,2.98,3.49,8.13,1,0.65
939,325,112,4,4.04,3.97,8.99,1,0.80
940,322,110,3,3.95,5.00,8.66,1,0.84
941,312,107,4,4.47,4.48,9.00,1,0.77
942,311,99,2,2.44,2.94,8.06,0,0.66
943,312,101,3,2.03,2.54,7.64,1,0.63
944,322,103,4,3.01,2.54,8.05,1,0.60
945,318,103,3,4.02,4.55,8.51,1,0.72
946,317,102,3,2.06,3.05,7.42,0,0.64
947,312,107,3,3.02,3.06,8.49,1,0.75
948,321,109,3,3.11,3.00,8.53,1,0.80
949,309,110,4,3.45,3.12,8.60,0,0.71
950,296,101,1,2.47,3.08,7.69,0,0.61
951,314,108,2,2.58,3.89,8.24,0,0.72
952,313,102,3,2.49,2.55,8.66,0,0.71
953,304,103,2,2.52,3.47,8.18,0,0.59
954,319,108,3,3.50,3.97,8.41,1,0.76
955,335,118,4,4.55,4.03,9.60,1,0.95
956,306,107,2,2.41,2.49,8.42,0,0.71
957,316,110,3,4.05,4.44,9.08,1,0.80
958,308,110,4,3.52,3.07,8.58,0,0.69
959,303,100,2,2.99,3.51,8.07,1,0.64
960,309,109,3,3.38,3.05,7.95,1,0.46
961,329,116,4,5.00,4.46,9.45,1,0.91
962,316,110,3,3.51,3.95,8.59,0,0.76
963,299,101,2,3.00,3.46,7.89,0,0.69
964,323,110,3,2.99,3.45,7.97,0,0.69
965,324,112,4,4.04,4.54,9.17,1,0.86
966,320,111,4,4.45,3.53,8.88,1,0.85
967,298,101,2,1.45,2.01,7.82,0,0.55
968,317,104,3,3.03,3.55,8.01,1,0.71
969,313,107,3,4.06,4.49,8.65,0,0.73
970,318,106,3,3.95,3.05,8.05,1,0.65
971,340,116,4,4.05,3.48,9.77,1,0.95
972,327,115,4,3.44,3.91,9.18,0,0.78
973,323,107,4,2.98,2.48,8.47,1,0.79
974,308,109,2,3.01,4.08,8.44,0,0.71
975,311,104,2,1.96,1.97,8.32,0,0.41
976,328,116,5,4.57,4.95,9.06,1,0.91
977,322,112,3,3.00,4.04,8.61,1,0.76
978,305,105,2,2.98,2.07,8.25,0,0.66
979,328,114,4,4.47,4.49,9.04,0,0.85
980,321,109,2,3.98,3.54,8.60,0,0.72
981,337,119,4,3.08,4.43,9.35,1,0.92
982,303,106,2,2.87,2.91,8.14,0,0.65
983,312,107,4,4.46,4.49,9.00,1,0.78
984,327,115,4,3.49,4.04,9.16,0,0.79
985,316,104,3,2.98,3.54,8.06,1,0.72
986,314,102,4,2.50,1.96,7.87,1,0.59
987,321,109,5,4.52,3.50,8.76,0,0.76
988,299,103,3,3.97,3.59,8.57,0,0.55
989,301,98,2,2.93,3.05,7.83,1,0.45
990,322,107,3,3.53,3.52,8.48,1,0.71
991,327,112,3,2.94,3.03,8.74,1,0.75
992,324,112,4,3.99,2.47,8.10,1,0.73
993,306,106,2,2.00,2.54,8.08,0,0.60
994,309,102,3,3.56,4.09,8.04,1,0.66
995,322,110,5,5.00,3.99,9.10,1,0.88
996,335,118,5,4.48,3.50,9.50,1,0.94
997,302,97,2,3.01,2.99,7.91,1,0.44
998,323,110,5,5.00,4.02,9.07,1,0.88
999,306,103,3,3.44,2.98,8.19,0,0.64
1000,340,120,4,5.00,5.00,9.52,1,0.95
1001,305,102,2,2.02,2.50,8.17,0,0.63
1002,328,114,4,4.45,4.45,9.08,1,0.90
1003,317,103,3,3.38,2.09,7.62,0,0.52
1004,323,111,4,2.97,2.93,9.00,1,0.82
1005,321,104,3,2.97,2.53,8.54,1,0.75
1006,320,108,3,3.01,3.52,8.58,1,0.70
1007,312,98,1,3.51,2.95,8.23,1,0.64
1008,327,109,3,3.49,4.04,8.77,1,0.79
1009,329,114,2,1.91,4.05,8.54,1,0.71
1010,301,99,3,2.00,2.41,7.72,0,0.34
1011,330,116,4,3.97,3.51,9.28,1,0.91
1012,295,95,1,1.43,1.45,7.69,0,0.49
1013,317,99,2,1.48,2.96,8.18,1,0.71
1014,301,96,2,3.05,3.06,8.07,1,0.65
1015,307,110,4,3.41,3.00,8.53,0,0.68
1016,327,102,4,5.00,5.00,8.78,1,0.77
1017,311,98,1,3.39,3.03,8.15,1,0.63
1018,298,99,2,3.96,2.01,7.58,0,0.45
1019,331,115,5,4.52,3.06,9.32,1,0.89
1020,327,113,4,4.57,4.51,9.00,0,0.85
1021,324,112,4,4.06,3.48,8.79,1,0.80
1022,306,106,2,2.99,3.10,8.13,0,0.65
1023,318,106,3,1.93,3.12,8.68,0,0.71
1024,327,110,4,3.99,4.48,9.00,1,0.84
1025,318,110,3,3.52,3.92,9.26,1,0.69
1026,320,111,3,3.34,3.95,8.83,1,0.76
1027,298,100,3,1.95,2.95,7.44,0,0.41
1028,300,96,3,5.00,3.44,7.63,0,0.38
1029,322,114,5,4.52,4.00,9.01,1,0.85
1030,312,104,3,3.50,1.93,8.22,1,0.62
1031,321,112,4,4.55,3.51,8.91,1,0.85
1032,315,109,4,4.52,3.54,8.73,1,0.74
1033,312,103,3,4.99,4.03,8.52,0,0.75
1034,312,100,1,2.87,2.98,8.51,1,0.68
1035,300,104,3,3.50,2.47,8.22,0,0.61
1036,302,97,2,3.06,3.06,7.90,1,0.43
1037,295,96,2,1.60,1.93,7.35,0,0.48
1038,332,119,5,4.96,4.98,9.63,1,0.93
1039,329,113,5,5.00,4.49,9.40,1,0.88
1040,314,106,3,4.55,3.50,8.48,0,0.73
1041,317,102,3,2.07,2.95,7.42,0,0.65
1042,320,109,4,3.94,3.96,9.11,1,0.86
1043,309,105,2,2.58,3.97,7.67,0,0.56
1044,326,114,3,3.51,2.98,8.98,1,0.77
1045,313,110,2,3.54,2.89,8.55,0,0.64
1046,317,105,3,4.06,3.45,8.49,1,0.74
1047,317,105,3,3.57,2.93,8.56,0,0.67
1048,320,111,4,4.49,3.45,8.84,1,0.85
1049,300,101,3,3.43,2.44,7.89,0,0.59
1050,325,111,4,3.03,2.98,9.06,1,0.82
1051,328,112,4,3.99,4.58,9.07,1,0.78
1052,332,115,5,4.62,2.99,9.31,1,0.89
1053,329,113,5,3.95,4.98,9.29,1,0.86
1054,326,111,4,4.03,4.45,8.99,1,0.83
1055,319,110,3,3.01,2.57,8.75,0,0.71
1056,340,116,4,4.08,3.50,9.81,1,0.94
1057,327,103,3,4.06,4.05,8.30,1,0.75
1058,324,114,4,4.47,4.50,9.30,1,0.89
1059,298,98,3,5.00,3.46,7.70,0,0.38
1060,339,113,4,4.97,5.00,9.77,1,0.96
1061,324,110,3,3.49,3.54,9.00,1,0.82
1062,310,107,4,4.55,4.45,9.02,1,0.78
1063,326,113,3,3.46,3.04,9.10,1,0.84
1064,332,115,5,4.02,3.58,9.44,1,0.93
1065,331,120,3,3.90,3.99,8.95,1,0.86
1066,340,120,5,4.49,4.51,9.87,1,0.98
1067,325,110,4,3.43,3.96,8.62,1,0.74
1068,332,113,5,4.06,3.98,9.24,1,0.88
1069,297,101,4,2.60,4.57,7.75,1,0.53
1070,312,100,1,2.94,2.93,8.51,1,0.69
1071,319,103,3,4.08,4.58,8.53,1,0.72
1072,305,106,2,3.02,2.99,8.15,0,0.64
1073,333,114,5,4.03,4.00,9.30,1,0.88
1074,337,118,4,3.03,4.32,9.30,1,0.94
1075,315,105,2,2.58,2.01,7.65,0,0.70
1076,315,103,2,2.01,4.50,8.73,0,0.69
1077,337,117,5,5.00,4.96,9.92,1,0.96
1078,310,106,2,3.48,2.44,8.33,0,0.72
1079,322,109,2,3.90,3.59,8.63,0,0.73
1080,318,106,3,4.03,3.49,8.48,1,0.74
1081,299,98,1,1.05,2.55,7.98,0,0.59
1082,321,110,3,3.43,2.96,8.94,1,0.78
1083,309,111,4,3.36,3.02,8.59,0,0.70
1084,309,100,2,2.92,4.10,7.90,0,0.67
1085,318,106,3,4.00,2.95,8.00,1,0.65
1086,339,117,4,3.39,4.47,9.45,1,0.91
1087,309,102,3,3.49,4.08,8.01,1,0.65
1088,332,116,4,4.46,3.98,9.11,0,0.85
1089,311,97,1,1.00,2.51,7.48,0,0.57
1090,323,111,4,3.04,2.94,9.02,1,0.82
1091,318,112,3,2.49,2.02,8.69,1,0.78
1092,306,106,2,2.02,2.53,8.23,0,0.61
1093,310,102,3,3.49,4.04,8.00,1,0.66
1094,322,115,5,4.09,4.55,9.38,1,0.93
1095,300,96,3,5.00,3.41,7.71,0,0.38
1096,324,113,3,3.57,3.00,9.14,1,0.85
1097,329,111,4,3.97,4.46,9.10,1,0.78
1098,324,113,4,4.42,4.53,9.18,1,0.89
1099,328,111,4,4.54,3.92,8.97,1,0.81
1100,323,110,3,3.86,4.95,8.66,1,0.86
1101,323,110,3,3.92,5.00,8.63,1,0.86
1102,321,104,3,3.52,4.52,8.29,1,0.74
1103,314,107,2,4.01,3.04,8.54,1,0.55
1104,315,104,3,3.01,2.47,8.32,0,0.67
1105,309,105,4,3.48,2.00,8.21,0,0.65
1106,330,115,2,1.97,4.01,8.66,1,0.73
1107,316,110,3,4.03,4.53,8.76,1,0.69
1108,318,106,3,4.00,2.96,8.03,1,0.66
1109,326,102,4,5.00,5.00,8.76,1,0.76
1110,333,112,1,1.53,3.07,8.64,1,0.79
1111,303,102,1,1.85,1.55,7.98,0,0.50
1112,317,106,3,3.95,3.01,8.07,1,0.64
1113,302,107,3,3.49,3.51,8.32,1,0.62
1114,305,104,2,2.43,1.48,7.86,0,0.53
1115,320,112,2,3.52,3.57,8.78,1,0.73
1116,324,114,3,3.48,2.94,9.06,1,0.76
1117,326,110,4,3.52,4.02,8.64,1,0.74
1118,322,110,5,4.62,4.00,8.98,0,0.78
1119,306,106,2,2.01,2.55,8.08,0,0.59
1120,338,117,4,3.49,4.54,9.46,1,0.91
1121,300,101,3,3.46,2.44,7.90,0,0.60
1122,308,108,3,3.50,3.48,8.22,0,0.62
1123,322,107,3,3.44,3.49,8.54,1,0.73
1124,311,106,2,3.49,3.04,8.24,1,0.81
1125,327,113,4,4.51,5.00,9.17,0,0.84
1126,319,104,3,3.51,4.41,8.30,1,0.74
1127,330,113,4,4.01,3.41,9.38,1,0.89
1128,311,108,3,3.51,3.03,8.57,0,0.69
1129,322,112,3,3.07,4.00,8.64,1,0.76
1130,300,104,3,3.49,3.97,8.12,1,0.68
1131,332,118,5,5.00,5.00,9.46,1,0.94
1132,299,100,3,2.02,2.93,7.38,0,0.42
1133,332,116,5,4.02,4.02,9.29,1,0.92
1134,313,107,4,4.47,4.07,8.66,1,0.73
1135,306,103,2,2.50,3.01,8.37,0,0.69
1136,319,105,4,3.96,4.52,8.67,1,0.77
1137,337,117,4,3.32,4.50,9.50,1,0.92
1138,309,109,4,3.49,3.05,8.58,0,0.72
1139,324,112,4,3.96,2.55,8.09,1,0.73
1140,331,116,5,5.00,4.95,9.44,1,0.92
1141,311,101,2,2.54,3.59,8.05,1,0.68
1142,315,111,3,3.44,4.07,8.53,0,0.75
1143,297,96,2,2.92,1.97,7.59,1,0.43
1144,333,118,5,4.98,5.00,9.35,1,0.91
1145,324,112,4,4.05,2.46,8.07,1,0.74
1146,297,98,2,2.55,3.09,7.63,0,0.59
1147,302,101,2,2.46,3.47,7.99,0,0.46
1148,333,119,5,5.00,4.59,9.79,1,0.96
1149,322,112,3,3.00,4.09,8.61,1,0.75
1150,307,105,2,1.94,3.56,8.06,0,0.53
1151,321,104,3,3.53,4.02,8.82,1,0.78
1152,299,101,2,2.98,3.44,7.88,0,0.69
1153,316,98,1,1.53,1.95,7.38,0,0.50
1154,333,118,5,5.00,4.95,9.34,1,0.91
1155,322,103,4,2.95,2.55,8.07,1,0.61
1156,314,105,2,2.38,1.94,7.62,0,0.69
1157,316,103,3,3.47,2.02,7.69,0,0.53
1158,323,109,5,4.63,4.06,8.99,0,0.79
1159,325,112,3,3.55,2.99,9.09,1,0.83
1160,312,102,3,2.06,2.89,8.28,0,0.64
1161,304,105,2,3.01,3.00,8.23,1,0.53
1162,323,111,3,3.50,3.03,9.29,1,0.90
1163,307,105,2,2.57,4.46,8.13,1,0.68
1164,329,116,5,5.00,4.48,9.29,1,0.93
1165,340,119,5,4.42,4.53,9.95,1,0.97
1166,306,102,2,1.97,2.42,8.15,0,0.60
1167,326,113,4,4.42,4.96,9.17,0,0.83
1168,340,120,5,4.44,4.44,9.64,1,0.93
1169,328,112,4,4.07,4.59,9.11,1,0.79
1170,319,112,3,4.02,3.47,8.65,0,0.70
1171,329,114,5,4.01,4.96,9.28,1,0.85
1172,319,110,3,3.51,3.44,9.04,0,0.82
1173,299,100,3,1.97,3.01,7.40,0,0.42
1174,303,97,2,1.54,1.98,7.62,0,0.47
1175,303,103,5,5.00,4.14,8.57,0,0.68
1176,312,108,3,3.52,2.96,8.52,0,0.70
1177,297,100,3,2.59,4.04,8.00,1,0.58
1178,316,106,1,1.50,3.51,7.60,1,0.60
1179,319,106,3,3.47,2.54,8.32,1,0.75
1180,304,103,5,4.93,4.05,8.67,0,0.67
1181,317,103,2,2.48,2.04,8.15,0,0.65
1182,301,101,2,2.45,3.58,7.94,0,0.46
1183,303,99,2,2.99,3.51,8.08,1,0.66
1184,307,105,2,2.48,4.44,8.12,1,0.65
1185,332,113,5,4.01,4.05,9.24,1,0.88
1186,318,105,4,4.01,4.50,8.67,1,0.77
1187,298,100,3,1.90,2.04,8.03,0,0.63
1188,311,106,2,3.45,2.44,8.32,0,0.73
1189,339,116,4,4.03,3.42,9.79,1,0.95
1190,301,104,3,3.47,3.91,8.10,1,0.68
1191,318,110,3,4.01,3.02,8.84,0,0.63
1192,315,107,3,4.46,3.51,8.18,0,0.63
1193,323,110,5,4.02,4.95,8.95,1,0.88
1194,312,104,3,4.00,3.53,8.12,1,0.73
1195,311,104,2,1.98,2.07,8.34,0,0.42
1196,310,104,3,2.08,3.49,8.37,0,0.70
1197,317,100,2,2.54,3.56,8.47,1,0.70
1198,325,107,5,3.49,4.06,8.70,1,0.83
1199,301,110,3,4.02,4.48,8.42,0,0.63
1200,308,110,4,3.98,4.42,8.39,0,0.79
1201,330,113,5,5.00,4.04,9.32,1,0.92
1202,301,106,4,2.42,3.08,8.46,0,0.57
1203,311,110,2,3.42,2.93,8.56,0,0.64
1204,305,103,2,2.51,3.58,8.11,0,0.59
1205,322,111,5,5.00,4.95,9.46,1,0.94
1206,314,99,4,3.49,4.53,8.75,1,0.71
1207,317,107,3,4.01,2.89,8.72,0,0.65
1208,304,100,4,1.50,2.52,7.89,0,0.42
1209,315,100,2,1.49,2.98,8.12,1,0.70
1210,326,113,4,4.37,4.52,9.12,1,0.88
1211,325,112,4,3.51,3.55,8.93,0,0.55
1212,322,113,5,4.58,3.98,8.96,1,0.85
1213,313,108,2,2.46,4.05,9.02,0,0.79
1214,313,105,2,1.43,2.95,8.42,0,0.66
1215,307,109,3,4.09,2.91,8.04,1,0.61
1216,319,101,5,3.52,4.99,8.77,1,0.78
1217,334,119,5,4.55,5.00,9.56,1,0.94
1218,316,102,3,2.06,2.98,7.38,0,0.65
1219,319,103,3,2.95,2.98,7.73,0,0.65
1220,327,106,4,4.01,4.55,8.69,1,0.75
1221,290,100,1,1.44,2.03,7.57,0,0.48
1222,299,92,1,1.97,1.91,7.90,0,0.49
1223,305,105,2,2.96,3.99,8.14,0,0.66
1224,313,104,3,3.55,3.96,8.72,0,0.67
1225,321,110,4,3.94,3.99,9.14,1,0.83
1226,300,104,3,3.49,2.92,8.18,0,0.72
1227,328,116,5,4.60,4.91,9.10,1,0.90
1228,317,112,3,3.93,3.48,8.67,0,0.71
1229,312,103,3,3.45,3.98,8.77,0,0.66
1230,318,110,3,3.41,3.93,9.20,1,0.68
1231,295,93,1,1.44,2.02,7.35,0,0.45
1232,323,110,3,3.01,3.40,8.01,0,0.68
1233,329,114,3,4.55,4.45,9.28,1,0.90
1234,327,114,3,3.46,2.99,8.67,1,0.80
1235,299,103,3,3.97,3.56,8.54,0,0.54
1236,321,101,2,2.58,3.02,8.61,0,0.72
1237,318,103,3,3.53,4.42,8.34,1,0.72
1238,299,98,2,3.95,3.10,8.02,0,0.33
1239,311,108,3,3.53,2.99,8.54,0,0.69
1240,312,104,3,4.55,4.44,8.34,0,0.69
1241,314,108,4,4.49,3.99,9.04,1,0.83
1242,312,103,4,4.14,4.95,8.51,0,0.73
1243,320,110,5,3.84,4.05,9.32,1,0.87
1244,311,103,2,1.98,1.95,8.22,0,0.41
1245,325,110,3,3.56,2.95,9.22,1,0.89
1246,295,99,2,2.55,2.52,8.06,0,0.61
1247,320,108,2,2.57,3.02,8.78,0,0.66
1248,325,109,3,3.55,3.05,8.96,1,0.79
1249,312,97,3,2.55,4.49,8.31,1,0.76
1250,321,109,4,3.99,3.97,8.68,1,0.68
1251,315,107,3,3.01,5.00,8.91,0,0.75
1252,306,105,2,2.88,3.95,8.14,0,0.67
1253,306,103,3,2.95,3.08,8.25,0,0.73
1254,311,106,2,2.47,3.05,8.08,0,0.63
1255,300,102,3,3.41,2.45,8.19,0,0.63
1256,326,112,4,3.99,3.90,9.07,1,0.79
1257,340,112,4,5.00,4.52,9.65,1,0.93
1258,315,103,3,3.48,2.04,7.68,0,0.52
1259,308,99,3,4.00,3.94,8.52,0,0.75
1260,319,103,4,4.51,3.46,8.63,0,0.76
1261,340,114,5,4.07,3.96,9.63,1,0.90
1262,325,111,5,4.43,4.02,9.20,1,0.90
1263,340,120,4,4.42,4.00,9.86,1,0.98
1264,302,99,3,2.01,2.48,7.68,0,0.36
1265,297,93,1,2.16,1.97,7.23,0,0.45
1266,331,115,4,4.52,4.53,9.44,1,0.93
1267,310,106,2,2.40,2.45,8.03,0,0.63
1268,317,106,2,2.10,3.45,8.13,0,0.73
1269,331,115,4,4.40,4.50,9.46,1,0.92
1270,296,99,4,3.08,3.51,7.80,0,0.54
1271,307,108,2,3.99,3.44,7.72,0,0.48
1272,326,114,3,2.97,2.98,9.14,1,0.83
1273,334,117,5,4.97,5.00,9.58,1,0.95
1274,307,103,3,3.51,3.00,8.20,0,0.64
1275,317,112,3,4.01,3.56,8.65,0,0.71
1276,306,105,2,2.01,3.53,8.02,0,0.54
1277,322,110,2,4.05,3.49,8.58,0,0.72
1278,337,117,5,4.99,5.00,9.97,1,0.97
1279,323,114,4,4.03,4.54,9.19,1,0.89
1280,314,104,3,2.02,2.47,8.45,0,0.74
1281,330,113,3,4.52,4.48,9.29,1,0.89
1282,312,107,2,2.53,3.52,8.29,0,0.68
1283,339,120,5,4.50,4.48,9.94,1,0.97
1284,302,102,3,3.45,4.95,8.33,0,0.65
1285,312,99,4,3.53,4.48,8.81,1,0.71
1286,304,103,2,2.41,3.47,8.21,0,0.60
1287,324,113,4,4.54,4.00,8.74,0,0.74
1288,328,112,4,4.08,4.54,9.11,1,0.79
1289,303,99,3,1.93,2.47,7.70,0,0.36
1290,298,100,1,1.53,2.02,7.87,0,0.59
1291,320,104,3,3.04,3.39,8.73,1,0.77
1292,314,106,2,2.53,1.97,8.44,0,0.63
1293,323,112,4,4.56,4.53,9.29,1,0.92
1294,320,110,5,4.93,5.00,9.22,1,0.88
1295,338,117,4,4.55,4.51,9.66,1,0.91
1296,323,110,3,3.48,2.97,9.21,1,0.89
1297,311,101,3,3.59,5.00,8.64,1,0.71
1298,316,105,3,3.53,3.03,8.55,0,0.68
1299,322,115,5,3.94,4.47,9.35,1,0.92
1300,300,97,2,3.03,3.03,8.06,1,0.64
1301,322,110,3,2.96,3.57,7.96,0,0.69
1302,330,115,5,3.99,3.51,9.45,1,0.92
1303,299,97,3,4.98,3.48,7.71,0,0.38
1304,299,100,2,3.01,3.43,7.93,0,0.68
1305,322,110,5,4.46,4.12,8.92,0,0.79
1306,299,100,2,3.10,3.44,7.92,0,0.68
1307,300,99,2,3.02,2.01,8.17,0,0.64
1308,310,99,3,3.96,4.04,8.56,0,0.78
1309,335,117,5,5.00,5.00,9.85,1,0.96
1310,317,103,3,4.05,4.54,8.56,1,0.71
1311,310,105,3,3.93,3.45,8.09,1,0.75
1312,311,104,3,4.58,4.42,8.37,0,0.70
1313,307,105,2,1.86,3.53,8.03,0,0.55
1314,321,110,5,5.00,5.00,9.20,1,0.90
1315,328,116,4,4.00,4.53,9.48,1,0.90
1316,334,117,4,4.05,3.08,7.98,1,0.78
1317,304,100,2,3.46,2.95,8.25,0,0.63
1318,299,103,2,1.52,1.93,7.88,0,0.56
1319,310,107,4,4.54,4.51,9.02,1,0.78
1320,321,105,2,3.06,3.02,8.41,1,0.66
1321,300,98,1,2.07,2.47,8.03,0,0.60
1322,303,101,2,1.98,2.53,7.64,0,0.38
1323,304,107,2,2.52,2.46,8.37,0,0.70
1324,331,120,5,4.40,5.00,9.63,1,0.94
1325,322,111,4,3.96,4.02,8.91,1,0.84
1326,329,114,4,4.45,2.99,9.16,1,0.86
1327,326,113,5,4.45,4.00,9.40,1,0.90
1328,315,107,2,2.56,3.93,8.25,0,0.72
1329,302,98,1,2.08,2.88,8.06,1,0.68
1330,316,103,2,2.06,4.52,8.74,0,0.68
1331,300,102,2,1.49,2.06,7.86,0,0.56
1332,324,113,4,4.53,3.88,8.76,0,0.75
1333,322,110,5,4.58,4.07,9.05,0,0.78
1334,317,107,3,3.99,2.91,8.75,0,0.64
1335,340,115,5,4.97,4.42,9.07,1,0.96
1336,305,109,5,3.07,3.05,8.41,0,0.61
1337,309,110,3,3.44,3.06,7.93,1,0.44
1338,333,118,2,4.55,3.50,9.35,1,0.91
1339,294,95,2,1.55,1.94,7.38,0,0.49
1340,322,111,5,4.98,4.99,9.51,1,0.93
1341,304,102,2,3.00,4.16,8.77,0,0.67
1342,312,106,3,4.05,3.42,8.73,1,0.81
1343,296,95,2,2.97,2.02,7.54,1,0.43
1344,295,93,1,1.52,2.03,7.34,0,0.46
1345,326,116,4,4.00,4.53,9.49,1,0.90
1346,306,107,2,2.48,2.40,8.40,0,0.70
1347,334,117,5,4.06,4.43,9.05,1,0.90
1348,326,108,4,4.55,4.03,9.12,1,0.79
1349,310,107,3,3.56,3.52,8.67,0,0.77
1350,317,105,3,3.07,3.56,8.05,1,0.71
1351,328,110,4,4.07,2.47,8.96,1,0.79
1352,312,99,1,1.05,1.49,7.95,1,0.51
1353,297,93,1,2.14,1.96,7.16,0,0.46
1354,311,101,2,2.42,3.33,8.04,1,0.68
1355,304,100,4,1.45,2.53,7.88,0,0.43
1356,330,117,4,4.54,4.98,9.46,1,0.92
1357,304,104,3,2.40,1.87,8.10,0,0.61
1358,324,111,4,3.93,4.46,9.13,1,0.85
1359,305,108,5,2.99,3.03,8.41,0,0.62
1360,308,109,3,3.97,3.10,7.96,1,0.62
1361,326,102,3,4.05,3.94,8.25,1,0.73
1362,326,111,4,4.04,4.53,9.03,1,0.86
1363,312,106,3,4.04,3.54,8.83,1,0.80
1364,340,112,4,4.90,4.45,9.68,1,0.95
1365,303,104,5,5.00,3.99,8.63,0,0.67
1366,302,102,3,2.48,1.97,8.14,1,0.69
1367,324,114,3,3.56,2.94,9.05,1,0.77
1368,321,112,5,4.98,4.98,8.99,1,0.87
1369,318,110,3,4.00,4.46,9.12,1,0.81
1370,307,106,4,3.01,3.07,7.93,0,0.61
1371,329,113,4,4.06,4.50,9.10,1,0.79
1372,322,109,4,4.07,4.05,8.71,1,0.70
1373,334,116,5,3.99,4.47,9.10,1,0.89
1374,326,114,4,3.95,3.43,9.18,1,0.86
1375,322,110,5,4.57,4.09,9.02,0,0.79
1376,307,111,4,3.92,4.53,8.34,0,0.78
1377,322,109,3,3.18,2.94,8.52,1,0.79
1378,336,119,5,3.95,3.50,9.80,1,0.98
1379,307,103,3,3.40,2.87,8.17,0,0.64
1380,308,110,4,3.41,2.93,8.54,0,0.68
1381,328,110,2,4.08,2.99,9.08,1,0.82
1382,315,111,3,3.93,4.51,8.80,1,0.71
1383,328,116,5,4.48,5.00,9.13,1,0.91
1384,304,105,3,2.47,1.95,8.12,0,0.63
1385,305,108,2,2.38,2.48,8.44,0,0.70
1386,326,110,3,3.41,3.40,8.75,1,0.80
1387,313,101,3,2.44,2.99,8.01,0,0.61
1388,331,114,3,4.53,4.61,9.18,1,0.88
1389,335,115,4,4.57,4.52,9.72,1,0.94
1390,308,106,3,3.45,2.47,8.19,1,0.75
1391,340,114,5,4.51,4.55,9.44,1,0.95
1392,316,103,3,3.44,2.00,7.62,0,0.54
1393,331,115,4,4.51,4.41,9.46,1,0.91
1394,309,104,3,1.97,3.56,8.39,0,0.72
1395,316,99,2,2.48,3.02,8.98,0,0.69
1396,314,102,3,1.98,2.91,8.22,0,0.64
1397,316,111,4,4.00,5.00,8.59,0,0.70
1398,326,113,4,4.49,4.96,9.18,0,0.84
1399,321,110,5,4.44,4.05,9.00,0,0.78
1400,298,100,1,1.60,1.96,7.82,0,0.59
1401,298,98,2,4.05,3.05,8.05,0,0.35
1402,310,103,2,2.44,2.49,8.24,0,0.72
1403,324,115,5,4.08,4.61,9.35,1,0.93
1404,306,101,4,1.56,2.52,7.78,0,0.42
1405,317,109,3,3.42,3.00,8.74,0,0.75
1406,324,107,3,3.50,3.49,8.54,1,0.74
1407,301,104,3,3.59,2.94,8.16,0,0.72
1408,308,99,3,3.99,4.03,8.53,0,0.77
1409,323,108,5,4.01,3.99,8.76,1,0.81
1410,305,105,2,3.01,3.00,8.22,1,0.53
1411,314,108,2,2.46,3.98,8.51,0,0.63
1412,295,99,2,3.04,3.43,7.27,0,0.47
1413,297,101,4,2.55,4.50,7.71,1,0.55
1414,303,105,5,4.98,4.39,8.63,0,0.77
1415,340,114,5,3.94,4.48,9.78,1,0.96
1416,312,103,3,5.00,4.02,8.49,0,0.76
1417,309,110,1,1.51,4.03,7.18,1,0.57
1418,335,117,5,5.00,4.91,9.67,1,0.94
1419,301,96,1,3.01,4.02,7.54,0,0.53
1420,311,103,2,2.49,2.45,8.25,0,0.72
1421,324,111,3,2.98,3.44,8.70,0,0.51
1422,299,97,3,4.93,3.42,7.67,0,0.39
1423,324,111,4,3.94,5.00,8.83,1,0.79
1424,318,110,3,3.57,3.56,9.07,0,0.82
1425,316,104,2,2.04,4.50,8.73,0,0.70
1426,311,106,2,3.47,2.54,8.32,0,0.72
1427,315,101,3,3.53,4.48,9.10,0,0.78
1428,317,107,3,3.97,2.97,8.75,0,0.65
1429,327,112,4,3.97,4.45,9.22,1,0.85
1430,326,116,2,4.44,3.05,9.10,1,0.80
1431,304,102,2,2.11,2.63,8.21,0,0.61
1432,312,105,2,1.98,2.51,8.46,0,0.73
1433,311,99,2,1.52,1.99,7.33,0,0.54
1434,328,119,4,4.49,4.54,9.17,1,0.91
1435,337,120,4,5.00,4.92,9.62,1,0.96
1436,340,120,5,4.53,4.46,9.83,1,0.97
1437,297,101,2,1.47,1.93,7.83,0,0.54
1438,302,99,3,2.51,3.08,7.44,0,0.52
1439,326,114,4,4.06,3.48,9.19,1,0.85
1440,316,102,2,3.93,3.46,8.17,0,0.67
1441,306,104,2,2.46,1.56,7.77,0,0.53
1442,305,100,2,2.52,3.50,8.03,0,0.64
1443,329,116,5,4.98,4.98,9.58,1,0.94
1444,308,109,2,3.03,4.07,8.45,0,0.71
1445,328,114,2,2.09,3.97,8.56,1,0.72
1446,329,114,5,4.53,4.97,9.22,1,0.87
1447,324,114,5,4.53,4.08,8.90,1,0.84
1448,297,98,3,4.96,3.41,7.73,0,0.39
1449,322,110,3,4.04,4.96,8.62,1,0.83
1450,318,100,2,2.52,3.56,8.52,1,0.71
1451,310,99,2,1.45,1.99,7.31,0,0.55
1452,297,98,2,2.48,3.05,7.71,0,0.60
1453,297,95,2,2.97,2.04,7.55,1,0.43
1454,322,112,3,3.91,3.04,9.45,1,0.86
1455,320,103,3,2.90,3.01,7.75,0,0.63
1456,306,105,2,1.94,3.56,8.15,0,0.53
1457,293,97,2,2.12,4.01,7.83,1,0.65
1458,307,101,3,3.98,2.91,8.19,0,0.47
1459,325,112,2,3.00,3.44,8.97,1,0.80
1460,322,114,5,4.62,3.97,8.88,1,0.85
1461,329,111,4,4.52,4.03,9.22,1,0.89
1462,302,97,2,2.95,3.00,7.89,1,0.44
1463,296,99,2,2.94,3.41,7.25,0,0.46
1464,323,110,3,4.01,3.41,9.10,1,0.79
1465,328,116,5,4.62,4.95,9.04,1,0.90
1466,326,112,2,2.92,3.47,8.98,1,0.80
1467,319,108,3,3.54,3.94,8.45,1,0.76
1468,306,105,2,2.96,3.98,8.14,0,0.65
1469,306,102,3,3.02,2.95,8.30,0,0.75
1470,326,112,4,3.97,3.48,9.12,1,0.84
1471,322,110,3,3.86,5.00,8.67,1,0.84
1472,328,116,5,4.45,4.89,9.05,1,0.92
1473,327,104,5,3.00,3.53,8.88,1,0.70
1474,305,103,3,3.46,2.99,8.23,0,0.65
1475,325,112,3,3.56,3.18,9.07,1,0.84
1476,312,101,3,1.95,2.53,7.65,1,0.62
1477,336,117,5,5.00,4.98,9.81,1,0.94
1478,315,106,2,4.04,3.51,8.24,0,0.64
1479,331,117,4,4.52,4.97,9.46,1,0.94
1480,311,106,4,4.50,4.49,9.02,1,0.66
1481,314,101,3,1.92,2.91,8.23,0,0.64
1482,316,103,2,1.98,4.45,8.70,0,0.70
1483,334,119,5,5.00,4.52,9.71,1,0.95
1484,308,109,3,3.96,2.99,8.08,1,0.61
1485,305,103,2,1.58,2.46,7.66,0,0.59
1486,318,109,3,3.58,4.01,9.26,1,0.68
1487,337,117,5,5.00,5.00,9.65,1,0.94
1488,302,105,2,2.85,2.95,8.15,0,0.64
1489,317,110,3,3.99,4.44,9.13,1,0.79
1490,314,108,2,2.47,1.98,8.51,1,0.53
1491,330,115,5,4.53,2.95,9.37,1,0.90
1492,326,113,4,3.95,4.45,9.20,1,0.86
1493,312,109,2,2.56,3.99,9.02,0,0.80
1494,312,101,3,2.05,2.47,7.65,1,0.64
1495,315,105,3,1.99,2.50,8.31,0,0.70
1496,332,119,5,5.00,4.91,9.60,1,0.92
1497,316,103,2,2.05,4.47,8.76,0,0.69
1498,325,105,3,2.92,4.00,8.69,0,0.80
1499,298,100,2,1.58,1.93,7.90,0,0.53
1500,327,113,4,4.46,5.00,9.14,0,0.83
1501,312,106,3,2.96,3.03,8.43,1,0.75
1502,310,103,3,1.90,4.05,8.15,0,0.64
1503,306,105,2,2.47,2.96,8.29,1,0.73
1504,312,98,1,1.00,2.52,7.49,0,0.57
1505,322,106,3,3.44,3.52,8.51,1,0.73
1506,305,106,2,2.53,2.40,8.36,0,0.70
1507,305,109,5,3.05,3.10,8.44,0,0.61
1508,317,107,3,3.51,3.02,8.67,1,0.84
1509,299,100,3,1.99,3.06,7.40,0,0.44
1510,314,108,4,4.57,3.98,9.04,1,0.85
1511,326,112,4,3.89,3.91,8.98,1,0.78
1512,318,106,2,4.06,3.97,7.94,1,0.64
1513,316,99,2,2.42,3.06,8.97,0,0.69
1514,304,103,5,5.00,4.03,8.57,0,0.69
1515,323,111,4,2.90,3.05,9.03,1,0.82
1516,321,114,4,3.93,4.96,9.12,0,0.85
1517,328,116,5,4.94,5.00,9.51,1,0.93
1518,318,109,3,3.40,3.95,9.27,1,0.69
1519,315,102,2,2.03,2.56,8.21,0,0.63
1520,335,117,5,5.00,5.00,9.81,1,0.96
1521,324,107,5,3.49,3.99,8.66,1,0.80
1522,325,112,3,3.52,3.13,9.09,1,0.84
1523,307,105,2,2.43,2.96,7.63,0,0.58
1524,301,104,3,3.50,3.97,8.10,1,0.67
1525,308,102,2,1.97,3.46,8.00,1,0.58
1526,309,102,2,2.00,3.48,7.99,1,0.59
1527,340,113,4,4.98,5.00,9.77,1,0.96
1528,340,120,5,4.57,4.48,9.60,1,0.95
1529,308,104,2,2.44,3.02,8.04,0,0.66
1530,340,120,4,4.41,4.06,9.99,1,0.97
1531,319,110,5,4.93,4.55,9.23,1,0.91
1532,312,107,3,3.96,4.57,8.67,0,0.72
1533,324,112,4,4.07,2.49,8.05,1,0.73
1534,308,101,2,2.97,4.07,7.88,0,0.71
1535,313,105,2,2.58,2.96,8.18,0,0.65
1536,325,111,3,2.50,2.03,8.80,1,0.78
1537,299,92,1,1.99,1.96,7.84,0,0.51
1538,314,110,3,4.07,4.03,8.82,0,0.76
1539,300,102,3,3.48,2.47,8.18,0,0.63
1540,320,110,5,4.98,5.00,9.18,1,0.87
1541,309,100,2,3.01,2.98,8.08,0,0.46
1542,321,113,5,5.00,4.96,9.15,1,0.87
1543,313,107,2,2.60,3.49,8.27,0,0.70
1544,314,106,2,3.96,3.46,8.27,0,0.62
1545,296,97,2,1.56,1.98,7.80,0,0.49
1546,327,115,4,3.53,4.07,9.16,0,0.79
1547,320,108,3,3.47,4.91,8.94,1,0.84
1548,312,106,3,4.05,3.55,8.75,1,0.81
1549,322,113,2,2.03,2.55,8.69,1,0.81
1550,316,107,3,3.62,3.06,8.65,1,0.85
1551,313,108,2,2.48,4.03,9.00,0,0.79
1552,319,111,4,4.61,3.49,8.87,1,0.84
1553,324,113,5,4.00,5.00,9.25,1,0.92
1554,328,111,4,4.42,4.64,9.19,1,0.87
1555,332,118,5,4.94,4.97,9.63,1,0.95
1556,325,107,5,3.49,4.02,8.64,1,0.83
1557,310,106,2,3.01,1.96,8.14,1,0.72
1558,312,107,3,3.04,3.08,8.50,1,0.75
1559,324,105,3,3.01,4.07,8.72,0,0.77
1560,312,104,3,3.51,3.47,8.39,0,0.74
1561,300,104,3,3.45,3.04,8.23,0,0.72
1562,326,114,3,2.97,3.05,9.02,1,0.83
1563,304,100,4,1.53,2.47,7.80,0,0.41
1564,301,99,1,2.02,1.97,7.28,0,0.57
1565,309,108,3,2.47,2.97,8.11,0,0.71
1566,313,101,2,2.54,3.54,8.05,1,0.69
1567,322,111,5,4.97,3.98,9.11,1,0.88
1568,324,110,3,3.54,3.96,8.85,1,0.81
1569,312,107,2,2.58,3.52,8.32,0,0.69
1570,328,118,4,5.00,4.94,9.65,1,0.93
1571,314,108,4,4.51,4.06,9.00,1,0.84
1572,290,104,4,1.92,2.49,7.40,0,0.45
1573,315,101,3,3.47,4.50,9.18,0,0.79
1574,296,95,2,2.99,2.05,7.53,1,0.44
1575,320,110,3,3.51,3.49,9.01,0,0.82
1576,306,102,3,2.97,2.98,8.30,0,0.73
1577,316,104,3,2.95,3.52,8.07,1,0.71
1578,323,111,4,2.92,3.11,9.02,1,0.83
1579,329,112,4,4.02,4.57,9.08,1,0.79
1580,317,110,3,3.01,3.15,8.54,0,0.65
1581,326,112,3,3.57,3.04,9.04,1,0.74
1582,332,117,5,4.94,4.99,9.24,1,0.93
1583,316,111,4,4.00,4.98,8.52,0,0.69
1584,330,115,5,4.54,2.98,9.33,1,0.91
1585,312,98,3,2.49,4.46,8.31,1,0.75
1586,336,119,5,4.00,3.53,9.73,1,0.97
1587,314,107,2,2.52,3.99,8.57,0,0.63
1588,314,110,2,3.53,2.98,8.50,1,0.71
1589,326,103,3,4.11,3.98,8.29,1,0.73
1590,317,107,3,3.60,3.07,8.63,1,0.83
1591,309,111,4,3.39,3.13,8.58,0,0.70
1592,320,104,3,3.56,4.58,8.37,1,0.75
1593,328,115,5,4.61,5.00,9.03,1,0.92
1594,313,101,2,2.39,3.56,8.33,1,0.71
1595,332,108,5,4.52,3.99,9.02,1,0.88
1596,307,106,4,2.96,2.87,7.92,0,0.64
1597,306,107,2,2.50,2.51,8.41,0,0.70
1598,340,120,4,5.00,5.00,9.54,1,0.95
1599,315,102,2,2.11,4.62,8.78,0,0.68
1600,327,109,3,3.54,3.96,8.75,1,0.81
1601,323,110,3,3.47,3.04,8.91,1,0.79
1602,317,101,3,3.04,2.01,7.94,1,0.49
1603,314,105,2,2.44,1.93,7.66,0,0.70
1604,298,101,2,1.51,1.98,7.87,0,0.54
1605,326,113,5,4.50,3.89,9.35,1,0.91
1606,329,113,4,4.05,3.51,9.40,1,0.88
1607,311,101,2,2.46,3.45,8.38,1,0.69
1608,312,107,4,4.48,4.52,9.02,1,0.79
1609,325,110,2,3.00,2.58,8.77,1,0.76
1610,312,104,3,4.54,4.37,8.41,0,0.69
1611,325,108,4,4.42,4.04,9.04,1,0.80
1612,303,101,2,3.01,4.02,8.74,0,0.67
1613,325,112,2,3.06,3.49,8.97,1,0.81
1614,340,115,4,4.02,3.52,9.76,1,0.97
1615,323,107,3,3.52,3.54,8.50,1,0.70
1616,316,110,3,3.96,4.43,9.11,1,0.81
1617,326,112,4,3.93,4.48,9.16,1,0.86
1618,323,110,3,3.00,3.47,8.03,0,0.70
1619,323,111,3,2.45,1.53,8.82,1,0.70
1620,316,106,2,2.43,2.55,8.25,1,0.49
1621,309,107,2,2.51,2.46,7.96,0,0.62
1622,313,107,2,2.53,3.46,8.33,0,0.67
1623,303,102,3,3.41,2.93,8.53,0,0.62
1624,300,106,2,3.99,3.96,8.34,0,0.64
1625,311,104,3,4.41,4.59,8.51,0,0.69
1626,309,106,2,2.56,2.44,7.99,0,0.62
1627,301,102,2,1.47,1.92,7.81,0,0.57
1628,326,113,4,4.57,5.00,9.13,0,0.84
1629,314,102,3,3.44,3.95,8.96,1,0.77
1630,327,118,4,4.92,5.00,9.70,1,0.92
1631,324,100,3,4.01,5.00,8.63,1,0.77
1632,326,106,4,3.99,4.50,8.74,1,0.76
1633,299,105,2,4.09,4.06,8.40,0,0.65
1634,301,99,1,1.98,1.97,7.24,0,0.57
1635,321,110,4,3.46,3.97,8.31,1,0.73
1636,322,107,3,3.56,3.45,8.64,1,0.74
1637,312,101,3,2.08,2.51,7.65,1,0.63
1638,297,96,2,2.48,1.86,7.46,0,0.32
1639,329,110,4,4.52,4.49,9.23,1,0.86
1640,340,120,5,4.53,4.62,9.89,1,0.98
1641,312,107,4,4.49,4.09,8.61,1,0.74
1642,312,98,1,3.48,2.98,8.20,1,0.64
1643,290,100,1,1.51,1.95,7.58,0,0.48
1644,322,111,3,3.95,5.00,8.64,1,0.84
1645,334,119,5,5.00,4.51,9.66,1,0.95
1646,313,109,3,4.01,3.52,9.01,0,0.79
1647,317,102,2,4.01,3.56,8.13,0,0.67
1648,332,118,4,4.53,4.02,9.08,0,0.86
1649,335,117,5,5.00,4.93,9.54,1,0.94
1650,330,115,2,2.07,4.11,8.62,1,0.72
1651,303,100,2,2.53,3.52,8.07,0,0.64
1652,317,100,2,2.54,3.42,8.48,1,0.70
1653,301,101,3,3.60,2.44,7.94,0,0.59
1654,313,102,3,1.99,3.02,8.29,0,0.65
1655,329,114,5,4.50,4.97,9.22,1,0.84
1656,322,105,3,4.07,3.92,8.48,1,0.73
1657,327,113,3,3.02,3.11,8.81,1,0.73
1658,335,118,5,4.53,3.50,9.46,1,0.93
1659,323,111,4,2.98,2.98,9.01,1,0.81
1660,331,117,4,4.49,5.00,9.41,1,0.94
1661,324,110,5,4.00,4.96,8.96,1,0.87
1662,328,116,5,5.00,4.96,9.54,1,0.94
1663,320,112,2,2.06,2.59,8.68,1,0.80
1664,315,100,2,1.56,2.90,8.12,1,0.71
1665,334,117,5,4.90,4.92,9.33,1,0.93
1666,329,116,5,5.00,4.51,9.38,1,0.93
1667,333,116,4,4.00,3.49,9.54,1,0.93
1668,320,111,4,2.97,4.44,8.83,1,0.82
1669,307,101,2,3.00,4.02,7.88,0,0.71
1670,321,109,4,4.06,3.99,8.69,1,0.68
1671,300,104,3,3.43,2.98,8.21,0,0.71
1672,308,111,3,3.52,2.97,7.96,1,0.45
1673,339,120,5,4.42,4.54,9.87,1,0.97
1674,313,105,2,1.48,2.94,8.45,0,0.66
1675,312,98,3,2.38,4.61,8.32,1,0.74
1676,298,100,3,2.53,4.05,7.92,1,0.57
1677,325,114,3,3.02,2.96,9.09,1,0.82
1678,290,104,4,1.99,2.46,7.44,0,0.46
1679,318,107,3,4.01,3.02,8.03,1,0.66
1680,315,106,2,2.59,1.96,8.39,0,0.62
1681,309,100,2,2.89,3.05,8.11,0,0.50
1682,332,118,5,4.96,4.92,9.64,1,0.94
1683,319,110,3,3.50,3.93,9.20,1,0.70
1684,330,120,5,4.48,4.96,9.58,1,0.93
1685,313,102,3,2.47,2.50,8.64,0,0.73
1686,316,101,3,2.92,2.03,7.89,1,0.49
1687,324,111,3,2.56,1.52,8.76,1,0.71
1688,324,111,5,4.68,4.02,9.22,1,0.90
1689,309,104,2,2.08,2.49,8.28,0,0.65
1690,313,99,4,3.48,4.43,8.76,1,0.70
1691,320,111,3,3.51,4.98,8.87,1,0.82
1692,312,104,3,4.56,4.47,8.48,0,0.70
1693,311,109,2,2.47,4.00,9.03,0,0.80
1694,321,108,4,4.03,3.96,8.71,1,0.69
1695,312,107,4,4.46,4.00,8.69,1,0.73
1696,335,117,5,5.00,5.00,9.81,1,0.94
1697,315,112,4,4.00,5.00,8.54,0,0.70
1698,319,106,3,4.11,2.96,8.02,1,0.65
1699,312,103,3,4.01,3.97,8.73,0,0.77
1700,324,113,4,3.13,1.99,8.39,0,0.70
1701,307,106,2,2.85,3.54,8.55,1,0.79
1702,321,107,2,2.07,1.49,8.48,0,0.82
1703,302,99,3,2.53,3.04,7.48,0,0.52
1704,320,110,5,5.00,4.48,9.23,1,0.90
1705,312,107,3,4.00,4.50,8.67,0,0.71
1706,320,110,5,3.93,3.98,9.31,1,0.89
1707,328,115,5,4.39,4.98,9.19,1,0.87
1708,320,101,2,2.48,3.02,8.59,0,0.70
1709,309,99,3,3.95,4.02,8.60,0,0.75
1710,304,96,4,2.95,4.49,8.24,0,0.55
1711,309,104,3,1.95,3.49,8.33,0,0.70
1712,324,112,4,3.98,3.99,8.94,1,0.79
1713,301,104,3,3.54,3.00,8.18,0,0.69
1714,311,100,1,3.04,2.98,8.52,1,0.68
1715,298,100,3,1.99,2.00,8.06,0,0.63
1716,320,113,2,2.10,2.65,8.73,1,0.78
1717,312,107,3,2.90,3.08,8.51,1,0.74
1718,332,108,5,4.45,3.98,9.04,1,0.86
1719,316,99,2,3.56,3.05,7.95,0,0.61
1720,311,104,3,4.02,3.46,8.09,1,0.75
1721,298,92,1,1.93,1.93,7.84,0,0.52
1722,308,110,4,3.43,3.00,8.56,0,0.70
1723,319,103,3,3.08,2.97,7.69,0,0.64
1724,312,103,4,3.93,4.97,8.41,0,0.73
1725,298,97,3,5.00,3.46,7.59,0,0.38
1726,328,111,4,4.01,4.49,9.11,1,0.79
1727,313,102,3,1.94,2.98,8.25,0,0.64
1728,332,116,5,5.00,4.94,9.27,1,0.93
1729,329,112,4,4.07,4.55,9.07,1,0.78
1730,322,110,5,4.45,4.06,8.90,0,0.77
1731,315,108,4,4.52,4.03,9.06,1,0.86
1732,331,116,5,5.00,5.00,9.38,1,0.94
1733,330,116,4,4.58,4.51,9.47,1,0.92
1734,303,96,1,3.03,4.03,7.53,0,0.53
1735,320,112,4,3.02,4.47,8.87,1,0.81
1736,331,117,4,4.54,4.52,9.50,1,0.92
1737,328,112,4,4.05,4.58,9.10,1,0.78
1738,319,106,3,4.06,2.91,7.99,1,0.66
1739,323,113,4,4.01,4.48,9.27,1,0.87
1740,324,109,3,3.57,2.98,8.99,1,0.79
1741,309,105,3,3.47,2.03,8.19,1,0.61
1742,289,101,1,1.45,2.01,7.56,0,0.47
1743,304,102,2,1.95,2.39,8.11,0,0.62
1744,307,105,2,2.46,2.96,7.64,0,0.57
1745,334,117,5,5.00,5.00,9.60,1,0.94
1746,332,118,5,5.00,5.00,9.60,1,0.94
1747,317,110,3,3.97,4.48,9.10,1,0.80
1748,305,102,2,1.56,2.46,7.61,0,0.59
1749,299,101,2,3.02,3.48,7.89,0,0.68
1750,324,113,4,4.55,4.47,9.25,1,0.90
1751,302,100,3,1.95,2.50,7.67,0,0.36
1752,340,113,4,4.97,4.92,9.72,1,0.95
1753,321,102,3,3.54,4.06,9.04,1,0.80
1754,304,98,1,2.03,2.52,7.66,0,0.56
1755,324,110,4,2.95,3.46,8.99,1,0.84
1756,328,110,4,4.94,4.02,9.19,1,0.83
1757,317,109,4,4.57,3.87,9.02,1,0.84
1758,320,110,5,5.00,4.99,9.28,1,0.88
1759,301,104,2,3.54,3.45,7.94,1,0.69
1760,317,110,1,2.57,3.49,8.55,1,0.66
1761,294,93,1,1.52,2.06,7.30,0,0.46
1762,296,99,4,3.00,3.47,7.83,0,0.55
1763,301,99,2,3.06,1.97,8.16,0,0.64
1764,306,100,2,2.95,3.02,7.99,0,0.48
1765,299,102,2,1.49,2.03,7.79,0,0.55
1766,314,106,2,2.58,1.94,8.47,0,0.64
1767,300,100,3,2.01,3.03,7.35,0,0.43
1768,312,107,4,4.42,4.49,8.94,1,0.79
1769,307,105,2,2.49,4.55,8.14,1,0.67
1770,319,110,5,4.04,4.03,9.30,1,0.87
1771,302,110,3,4.01,4.52,8.48,0,0.65
1772,327,117,4,5.00,3.47,9.55,1,0.92
1773,307,110,2,3.51,4.05,8.49,0,0.64
1774,320,111,4,4.46,3.57,8.84,1,0.85
1775,318,100,2,2.50,3.50,8.54,1,0.72
1776,322,112,2,2.05,2.66,8.62,1,0.80
1777,340,114,5,4.02,4.50,9.77,1,0.94
1778,329,111,4,4.42,3.95,9.25,1,0.89
1779,299,99,1,2.99,1.97,6.75,1,0.37
1780,303,102,1,1.82,1.56,7.97,0,0.50
1781,304,107,3,3.54,3.02,7.86,0,0.56
1782,317,108,3,3.43,3.02,8.70,1,0.83
1783,313,107,4,4.49,4.02,8.66,1,0.72
1784,325,115,3,3.52,3.01,8.79,1,0.71
1785,307,109,2,3.04,4.01,8.52,0,0.71
1786,311,106,2,3.52,2.46,8.29,0,0.73
1787,309,106,2,2.41,2.40,7.96,0,0.62
1788,320,108,3,3.49,4.97,9.03,1,0.84
1789,338,118,4,2.99,4.45,9.42,1,0.91
1790,309,111,2,2.51,4.00,8.06,0,0.62
1791,298,100,3,2.55,4.03,7.94,1,0.57
1792,316,106,1,1.45,3.50,7.59,1,0.60
1793,323,115,5,4.03,4.64,9.32,1,0.93
1794,302,99,3,2.53,2.99,7.45,0,0.51
1795,321,110,4,3.47,4.02,8.31,1,0.72
1796,326,118,4,4.98,4.97,9.64,1,0.93
1797,328,116,4,4.88,3.45,9.65,1,0.93
1798,311,106,2,3.46,3.04,8.23,1,0.79
1799,320,110,2,4.07,3.49,8.59,0,0.71
1800,327,103,3,4.03,3.93,8.29,1,0.73
1801,330,120,5,4.50,5.00,9.55,1,0.93
1802,296,95,1,1.44,1.48,7.66,0,0.50
1803,294,99,2,2.48,2.94,7.64,0,0.57
1804,331,117,4,4.55,3.97,9.09,0,0.87
1805,321,109,4,4.03,4.08,8.71,1,0.68
1806,302,105,4,2.48,2.93,8.46,0,0.58
1807,337,117,5,5.00,5.00,9.89,1,0.96
1808,304,103,5,5.00,3.09,7.93,0,0.71
1809,320,110,5,5.00,4.92,9.17,1,0.88
1810,330,112,5,3.96,5.00,9.80,1,0.95
1811,305,102,2,1.45,2.55,7.58,0,0.59
1812,316,102,2,4.00,3.47,8.13,0,0.67
1813,333,120,5,4.00,4.99,9.91,1,0.98
1814,294,96,2,1.54,2.03,7.35,0,0.48
1815,326,112,4,3.54,3.45,8.91,0,0.55
1816,330,120,5,4.52,4.99,9.53,1,0.93
1817,314,100,3,2.57,3.06,8.04,0,0.63
1818,323,112,5,4.98,5.00,9.04,1,0.86
1819,300,101,3,3.48,2.40,7.85,0,0.59
1820,323,100,3,4.01,4.96,8.67,1,0.78
1821,329,112,3,2.99,3.05,8.71,1,0.73
1822,328,106,4,4.03,4.45,8.76,1,0.75
1823,340,113,4,4.94,4.93,9.78,1,0.96
1824,316,99,2,3.56,3.04,7.99,0,0.61
1825,305,103,5,4.94,4.03,8.73,0,0.67
1826,334,119,5,5.00,4.47,9.65,1,0.96
1827,297,99,2,3.04,3.56,7.27,0,0.47
1828,317,110,3,3.96,4.55,9.16,1,0.81
1829,314,107,3,4.44,3.60,8.16,0,0.64
1830,340,113,4,4.91,5.00,9.79,1,0.97
1831,310,104,2,2.47,3.57,8.46,0,0.70
1832,323,109,5,4.38,3.93,8.94,0,0.78
1833,320,108,3,3.48,5.00,8.97,1,0.84
1834,332,118,5,4.84,5.00,9.68,1,0.93
1835,304,103,5,5.00,4.06,8.70,0,0.68
1836,327,114,3,3.03,3.02,8.97,0,0.61
1837,293,94,1,1.57,1.54,7.65,0,0.49
1838,318,100,2,2.48,3.55,8.54,1,0.71
1839,322,110,4,3.94,4.96,9.13,1,0.87
1840,312,107,4,4.44,4.44,9.00,1,0.78
1841,309,100,2,3.04,4.14,7.87,0,0.66
1842,305,102,2,2.04,2.51,8.18,0,0.62
1843,331,117,4,4.53,5.00,9.41,1,0.95
1844,312,107,2,2.55,3.48,8.25,0,0.69
1845,316,107,3,4.02,3.05,8.70,0,0.67
1846,298,102,3,3.90,3.49,8.65,0,0.57
1847,331,115,5,4.49,3.53,9.36,1,0.93
1848,294,97,2,1.97,4.03,7.84,1,0.64
1849,315,105,2,2.96,3.00,8.34,0,0.66
1850,327,111,4,3.04,3.97,8.40,1,0.77
1851,326,106,4,4.01,4.46,8.70,1,0.74
1852,313,108,2,2.52,4.07,8.24,0,0.72
1853,305,99,4,1.58,2.62,7.90,0,0.42
1854,325,110,4,3.04,3.49,8.99,1,0.84
1855,309,105,4,3.49,2.01,8.13,0,0.64
1856,310,99,1,2.58,3.02,8.40,1,0.70
1857,311,101,2,2.39,3.53,8.09,1,0.66
1858,325,112,3,2.88,3.58,8.68,0,0.53
1859,290,100,1,1.51,2.04,7.59,0,0.47
1860,333,120,5,3.95,4.94,9.86,1,0.96
1861,300,97,2,2.97,3.00,8.10,1,0.64
1862,334,114,4,4.02,4.00,9.41,1,0.92
1863,314,102,3,2.05,2.85,8.22,0,0.66
1864,307,105,2,2.03,3.54,8.09,0,0.54
1865,324,113,4,4.51,3.95,8.82,0,0.75
1866,316,110,3,3.95,4.55,8.77,1,0.68
1867,316,107,2,3.87,2.95,8.48,1,0.56
1868,305,105,2,3.04,1.99,8.29,0,0.67
1869,311,103,3,3.45,4.06,8.77,0,0.66
1870,335,117,5,4.97,5.00,9.58,1,0.94
1871,323,113,3,3.97,2.98,9.39,1,0.86
1872,322,107,3,3.57,3.54,8.49,1,0.70
1873,329,110,4,5.00,4.00,9.15,1,0.81
1874,298,92,1,2.00,1.96,7.86,0,0.51
1875,303,104,3,2.42,1.93,8.14,0,0.62
1876,296,95,2,3.07,1.97,7.55,1,0.44
1877,317,100,2,1.49,2.99,8.22,1,0.71
1878,319,106,3,3.44,2.47,8.30,1,0.74
1879,310,105,2,2.99,3.45,8.04,0,0.71
1880,331,113,4,4.03,3.48,9.34,1,0.88
1881,311,104,2,2.00,1.97,8.37,0,0.42
1882,317,105,3,3.98,3.37,8.47,1,0.74
1883,288,99,1,1.46,2.05,7.55,0,0.46
1884,322,112,2,1.99,2.63,8.65,1,0.79
1885,326,112,3,3.49,2.96,9.06,1,0.84
1886,295,93,1,1.47,2.04,7.31,0,0.46
1887,329,114,5,3.90,4.98,9.30,1,0.84
1888,315,102,4,2.46,1.96,7.79,1,0.58
1889,333,118,5,5.00,4.96,9.32,1,0.94
1890,312,107,4,4.51,4.51,9.04,1,0.78
1891,325,110,3,3.60,3.12,9.35,1,0.89
1892,319,110,5,4.02,3.95,9.28,1,0.88
1893,319,108,2,2.47,3.00,8.74,0,0.65
1894,313,100,2,2.54,3.37,8.04,1,0.67
1895,305,105,2,2.97,2.10,8.27,0,0.65
1896,323,110,5,4.94,4.00,9.11,1,0.88
1897,314,102,4,2.54,1.99,7.92,1,0.60
1898,320,103,3,3.01,3.08,7.76,0,0.63
1899,326,110,4,4.06,4.49,8.98,1,0.85
1900,318,106,3,4.05,2.98,8.00,1,0.64
1901,317,101,2,2.52,1.93,8.31,1,0.63
1902,301,97,2,2.96,2.97,7.83,1,0.46
1903,306,102,3,4.06,2.96,8.21,0,0.45
1904,298,100,1,1.52,2.04,7.88,0,0.60
1905,317,102,2,4.01,3.51,8.11,0,0.65
1906,322,111,5,4.59,4.07,8.96,0,0.78
1907,312,106,2,3.54,3.06,8.29,1,0.80
1908,316,102,2,4.05,3.54,8.12,0,0.64
1909,302,96,1,2.91,3.98,7.52,0,0.52
1910,298,96,2,1.54,2.00,7.87,0,0.54
1911,325,110,5,4.07,4.92,8.99,1,0.87
1912,312,106,2,3.55,2.96,8.32,1,0.80
1913,307,107,2,2.94,3.59,8.58,1,0.78
1914,305,104,2,2.56,1.44,7.79,0,0.53
1915,311,102,3,4.46,4.05,8.65,1,0.68
1916,311,106,4,1.52,2.45,8.44,0,0.56
1917,338,119,5,4.56,3.96,9.78,0,0.88
1918,323,110,4,4.54,3.95,9.05,1,0.80
1919,327,109,3,3.60,3.96,8.72,1,0.78
1920,298,102,2,1.43,1.99,7.86,0,0.53
1921,322,110,5,3.94,4.03,9.33,1,0.89
1922,301,99,1,2.99,1.98,6.82,1,0.36
1923,324,110,5,3.98,4.89,8.99,1,0.88
1924,323,112,3,3.98,4.05,8.88,1,0.77
1925,316,103,2,2.00,4.48,8.63,0,0.69
1926,312,106,2,3.50,2.95,8.27,1,0.79
1927,305,105,2,3.02,4.00,8.09,0,0.66
1928,308,103,2,2.98,3.51,8.41,0,0.66
1929,301,98,1,2.03,2.96,8.05,1,0.68
1930,331,115,5,4.02,3.56,9.42,1,0.92
1931,329,110,4,4.50,4.05,9.01,1,0.81
1932,339,114,5,4.01,4.48,9.80,1,0.96
1933,329,117,5,4.98,4.97,9.49,1,0.94
1934,310,107,3,3.59,3.49,8.64,0,0.76
1935,327,114,4,3.84,3.50,9.19,1,0.87
1936,312,106,3,3.97,3.53,8.79,1,0.81
1937,322,114,5,4.48,4.52,9.14,1,0.89
1938,320,111,4,4.48,3.51,8.88,1,0.86
1939,322,112,5,4.97,5.00,9.00,1,0.85
1940,311,98,1,1.03,2.54,7.46,0,0.57
1941,310,104,2,2.00,2.03,8.26,0,0.41
1942,317,105,3,3.60,2.93,8.54,0,0.69
1943,311,105,4,3.55,1.93,8.10,0,0.64
1944,313,104,3,3.99,3.99,8.84,0,0.77
1945,311,101,3,2.12,2.55,7.60,1,0.62
1946,316,106,1,1.52,3.49,7.66,1,0.60
1947,332,118,5,4.96,4.96,9.63,1,0.94
1948,317,109,1,3.52,3.47,9.17,0,0.77
1949,318,107,3,2.99,3.52,8.25,1,0.75
1950,300,99,3,2.03,2.92,7.41,0,0.44
1951,321,109,3,3.07,3.00,8.52,1,0.80
1952,298,101,4,2.54,4.48,7.74,1,0.53
1953,305,104,2,2.49,1.53,7.80,0,0.53
1954,314,109,3,3.94,3.56,9.00,0,0.79
1955,312,107,4,4.55,4.08,8.60,1,0.73
1956,337,119,4,3.06,4.33,9.37,1,0.91
1957,294,96,2,2.00,4.00,7.77,1,0.64
1958,311,104,2,2.11,2.04,8.38,0,0.42
1959,296,95,2,3.13,1.98,7.52,1,0.44
1960,331,116,4,4.49,4.59,9.47,1,0.90
1961,324,115,3,3.52,2.99,8.68,1,0.70
1962,298,106,3,3.48,4.01,8.47,0,0.71
1963,308,111,2,2.44,4.03,8.04,0,0.60
1964,323,105,3,3.01,3.96,8.77,0,0.78
1965,338,120,4,5.00,5.00,9.63,1,0.95
1966,338,118,4,4.51,4.45,9.70,1,0.93
1967,324,112,4,4.05,2.56,8.07,1,0.71
1968,317,104,2,3.03,3.08,8.71,0,0.76
1969,294,95,1,1.50,1.51,7.59,0,0.49
1970,320,120,3,3.98,4.45,9.15,0,0.86
1971,302,106,2,2.82,2.92,8.10,0,0.65
1972,310,110,4,3.53,3.02,8.63,0,0.71
1973,335,115,4,4.53,4.43,9.73,1,0.93
1974,308,110,4,3.96,4.49,8.37,0,0.80
1975,296,101,1,2.52,2.95,7.67,0,0.60
1976,315,107,2,4.03,3.02,8.50,1,0.55
1977,303,108,5,3.14,2.97,8.49,0,0.62
1978,316,102,3,2.09,2.98,7.39,0,0.66
1979,323,110,5,4.05,4.82,8.97,1,0.87
1980,300,103,3,3.54,2.48,8.15,0,0.64
1981,327,110,3,3.52,3.98,8.72,1,0.79
1982,296,100,2,2.51,2.07,7.98,0,0.69
1983,308,110,4,3.53,3.02,8.59,0,0.70
1984,312,99,1,1.04,1.51,7.96,1,0.52
1985,321,114,5,4.67,4.02,8.92,1,0.85
1986,330,111,4,4.48,3.96,9.23,1,0.89
1987,307,101,2,2.97,4.13,7.97,0,0.67
1988,336,118,5,4.58,5.00,9.46,1,0.92
1989,312,108,2,2.45,2.01,8.61,1,0.53
1990,316,102,2,3.88,3.49,8.15,0,0.67
1991,334,115,4,4.46,4.49,9.75,1,0.93
1992,322,112,3,2.93,3.98,8.61,1,0.77
1993,314,112,4,4.03,5.00,8.60,0,0.69
1994,336,118,5,4.48,3.92,9.24,1,0.93
1995,301,99,2,2.96,2.02,8.25,0,0.64
1996,317,112,3,3.98,3.55,8.63,0,0.72
1997,322,107,3,3.48,3.49,8.48,1,0.71
1998,322,109,3,3.91,4.92,8.64,1,0.85
1999,320,113,2,1.99,2.41,8.60,1,0.81
2000,328,116,5,4.97,4.97,9.51,1,0.93
